title,price_ngn,listing_type,area,neighbourhood,address,bedrooms,bathrooms,toilets,property_type,description,pid,date_added,last_updated,source_url
3 Bedroom Flat,750000000,sale,Maitama,Maitama,Maitama Maitama Abuja,3,3,4,Flat/Apartment,"Safety TipsDo not make any inspection fee without seeing the agent and property.Only pay Rental fee, Sales fee or any upfront payment after you verify the Landlord.Ensure you meet the Agent in an open location.The Agent does not represent PropertyPro and PropertyPro is not liable for any monetary transaction between you and the Agent.",6NWGS,02-Dec-25,24-Apr-26,https://www.propertypro.ng/property/3-bedroom-house-for-sale-maitama-maitama-abuja-6NWGS
5 Bedroom Flat,2000000000,sale,Maitama,Maitama,Minister's Hill Maitama Maitama Abuja,5,5,6,Flat/Apartment,"Safety TipsDo not make any inspection fee without seeing the agent and property.Only pay Rental fee, Sales fee or any upfront payment after you verify the Landlord.Ensure you meet the Agent in an open location.The Agent does not represent PropertyPro and PropertyPro is not liable for any monetary transaction between you and the Agent.",7NUWQ,18-Nov-25,24-Apr-26,https://www.propertypro.ng/property/5-bedroom-house-for-sale-ministers-hill-maitama-maitama-abuja-7NUWQ
4 Bedroom Terraced Duplex,900000000,sale,Maitama,Maitama,Off Amazon Maitama Abuja,4,4,5,Terraced Duplex,"Safety TipsDo not make any inspection fee without seeing the agent and property.Only pay Rental fee, Sales fee or any upfront payment after you verify the Landlord.Ensure you meet the Agent in an open location.The Agent does not represent PropertyPro and PropertyPro is not liable for any monetary transaction between you and the Agent.",2PBBH,25-Jan-26,24-Apr-26,https://www.propertypro.ng/property/4-bedroom-house-for-sale-off-amazon-maitama-abuja-2PBBH
4 Bedroom Flat,600000000,sale,Maitama,Maitama,Tarred Road Maitama Abuja,5,5,6,Flat/Apartment,"Safety TipsDo not make any inspection fee without seeing the agent and property.Only pay Rental fee, Sales fee or any upfront payment after you verify the Landlord.Ensure you meet the Agent in an open location.The Agent does not represent PropertyPro and PropertyPro is not liable for any monetary transaction between you and the Agent.",2NKFW,18-Aug-25,24-Apr-26,https://www.propertypro.ng/property/5-bedroom-house-for-sale-tarred-road-maitama-abuja-2NKFW
4 Bedroom Fully Detached Duplex With Bq,750000000,sale,Maitama,Maitama,Maitama Abuja,4,4,5,Detached Duplex,"Safety TipsDo not make any inspection fee without seeing the agent and property.Only pay Rental fee, Sales fee or any upfront payment after you verify the Landlord.Ensure you meet the Agent in an open location.The Agent does not represent PropertyPro and PropertyPro is not liable for any monetary transaction between you and the Agent.",2NXHG,12-Dec-25,24-Apr-26,https://www.propertypro.ng/property/4-bedroom-house-for-sale-maitama-abuja-2NXHG
Unfinished 5 Bedroom Detached Duplex With Bq,750000000,sale,Asokoro,Asokoro,"Naf Valley Estate, Asokoro Abuja",5,5,6,Detached Duplex,"Safety TipsDo not make any inspection fee without seeing the agent and property.Only pay Rental fee, Sales fee or any upfront payment after you verify the Landlord.Ensure you meet the Agent in an open location.The Agent does not represent PropertyPro and PropertyPro is not liable for any monetary transaction between you and the Agent.",6PBYS,03-Feb-26,24-Apr-26,https://www.propertypro.ng/property/5-bedroom-house-for-sale-naf-valley-estate-asokoro-abuja-6PBYS
11 Bedroom Mansion And 1 Bedroom Guest Chalet With Bq,4000000000,sale,Asokoro,Asokoro,"Close To Ecowas, Asokoro Abuja",10,10,10,Mansion,"Safety TipsDo not make any inspection fee without seeing the agent and property.Only pay Rental fee, Sales fee or any upfront payment after you verify the Landlord.Ensure you meet the Agent in an open location.The Agent does not represent PropertyPro and PropertyPro is not liable for any monetary transaction between you and the Agent.",1NYZM,06-Jan-26,24-Apr-26,https://www.propertypro.ng/property/10-bedroom-house-for-sale-close-to-ecowas-asokoro-abuja-1NYZM
Newly Built 8 Bedroom Fully Detached Duplex,2500000000,sale,Asokoro,Asokoro,Asokoro Extension Asokoro Abuja,8,10,10,Detached Duplex,"Safety TipsDo not make any inspection fee without seeing the agent and property.Only pay Rental fee, Sales fee or any upfront payment after you verify the Landlord.Ensure you meet the Agent in an open location.The Agent does not represent PropertyPro and PropertyPro is not liable for any monetary transaction between you and the Agent.",5NGDD,19-Jul-25,24-Apr-26,https://www.propertypro.ng/property/8-bedroom-house-for-sale-asokoro-extension-asokoro-abuja-5NGDD
Newly Built 7 Bedroom Fully Detached Duplex,1100000000,sale,Asokoro,Asokoro,Asokoro Abuja,7,7,7,Detached Duplex,"Safety TipsDo not make any inspection fee without seeing the agent and property.Only pay Rental fee, Sales fee or any upfront payment after you verify the Landlord.Ensure you meet the Agent in an open location.The Agent does not represent PropertyPro and PropertyPro is not liable for any monetary transaction between you and the Agent.",7MXGS,11-May-25,24-Apr-26,https://www.propertypro.ng/property/7-bedroom-house-for-sale-asokoro-abuja-7MXGS
8 Bedroom Detached Duplex,5000000000,sale,Asokoro,Asokoro,Asokoro Abuja,8,8,9,Detached Duplex,"Safety TipsDo not make any inspection fee without seeing the agent and property.Only pay Rental fee, Sales fee or any upfront payment after you verify the Landlord.Ensure you meet the Agent in an open location.The Agent does not represent PropertyPro and PropertyPro is not liable for any monetary transaction between you and the Agent.",9PJAZ,27-Mar-26,24-Apr-26,https://www.propertypro.ng/property/8-bedroom-house-for-sale-asokoro-abuja-9PJAZ
Newly Built 8 Bedroom Fully Detached Duplex,2000000000,sale,Asokoro,Asokoro,Asokoro Extension Asokoro Abuja,10,10,10,Detached Duplex,"Safety TipsDo not make any inspection fee without seeing the agent and property.Only pay Rental fee, Sales fee or any upfront payment after you verify the Landlord.Ensure you meet the Agent in an open location.The Agent does not represent PropertyPro and PropertyPro is not liable for any monetary transaction between you and the Agent.",9NGDE,19-Jul-25,24-Apr-26,https://www.propertypro.ng/property/10-bedroom-house-for-sale-asokoro-extension-asokoro-abuja-9NGDE
7 Bedroom Fully Detached Duplex,1100000000,sale,Asokoro,Asokoro,"Asokoro Main, Asokoro Abuja",7,7,8,Detached Duplex,"Safety TipsDo not make any inspection fee without seeing the agent and property.Only pay Rental fee, Sales fee or any upfront payment after you verify the Landlord.Ensure you meet the Agent in an open location.The Agent does not represent PropertyPro and PropertyPro is not liable for any monetary transaction between you and the Agent.",6NGNV,23-Jul-25,24-Apr-26,https://www.propertypro.ng/property/7-bedroom-house-for-sale-asokoro-main-asokoro-abuja-6NGNV
Semi Finished 4 Bedroom Duplex With A Bq,250000000,sale,Asokoro,Asokoro,Admiralty Estate Asokoro Abuja,4,4,5,Semi-Detached Duplex,"Safety TipsDo not make any inspection fee without seeing the agent and property.Only pay Rental fee, Sales fee or any upfront payment after you verify the Landlord.Ensure you meet the Agent in an open location.The Agent does not represent PropertyPro and PropertyPro is not liable for any monetary transaction between you and the Agent.",5NKCY,16-Aug-25,24-Apr-26,https://www.propertypro.ng/property/4-bedroom-house-for-sale-admiralty-estate-asokoro-abuja-5NKCY
Newly Built 4 Bedroom Duplex,350000000,sale,Asokoro,Asokoro,Asokoro Main Asokoro Abuja,4,4,5,Detached Duplex,"Safety TipsDo not make any inspection fee without seeing the agent and property.Only pay Rental fee, Sales fee or any upfront payment after you verify the Landlord.Ensure you meet the Agent in an open location.The Agent does not represent PropertyPro and PropertyPro is not liable for any monetary transaction between you and the Agent.",1NTZV,08-Nov-25,24-Apr-26,https://www.propertypro.ng/property/4-bedroom-house-for-sale-asokoro-main-asokoro-abuja-1NTZV
4 Bedroom Terrace Duplex With Bq,900000000,sale,Asokoro,Asokoro,Asokoro Abuja,4,4,4,Terraced Duplex,"Safety TipsDo not make any inspection fee without seeing the agent and property.Only pay Rental fee, Sales fee or any upfront payment after you verify the Landlord.Ensure you meet the Agent in an open location.The Agent does not represent PropertyPro and PropertyPro is not liable for any monetary transaction between you and the Agent.",3PBJA,28-Jan-26,24-Apr-26,https://www.propertypro.ng/property/4-bedroom-flat-apartment-for-sale-asokoro-abuja-3PBJA
5 Bedroom Duplex,1700000000,sale,Asokoro,Asokoro,Asokoro Abuja,5,5,6,Detached Duplex,"Safety TipsDo not make any inspection fee without seeing the agent and property.Only pay Rental fee, Sales fee or any upfront payment after you verify the Landlord.Ensure you meet the Agent in an open location.The Agent does not represent PropertyPro and PropertyPro is not liable for any monetary transaction between you and the Agent.",6NRSR,16-Oct-25,24-Apr-26,https://www.propertypro.ng/property/5-bedroom-house-for-sale-asokoro-abuja-6NRSR
Luxurious 5 Bedroom Semi Detached Duplex Bq,750000000,sale,Wuse-2,Wuse,"Close To Rock View Hotel, Wuse 2 Abuja",5,5,6,Semi-Detached Duplex,"Safety TipsDo not make any inspection fee without seeing the agent and property.Only pay Rental fee, Sales fee or any upfront payment after you verify the Landlord.Ensure you meet the Agent in an open location.The Agent does not represent PropertyPro and PropertyPro is not liable for any monetary transaction between you and the Agent.",9NTEV,30-Oct-25,24-Apr-26,https://www.propertypro.ng/property/5-bedroom-house-for-sale-close-to-rock-view-hotel-wuse-2-abuja-9NTEV
8 Bedroom Automated Detached With Bq,3000000000,sale,Wuse-2,Wuse,Wuse 2 Abuja,8,8,8,House,"Safety TipsDo not make any inspection fee without seeing the agent and property.Only pay Rental fee, Sales fee or any upfront payment after you verify the Landlord.Ensure you meet the Agent in an open location.The Agent does not represent PropertyPro and PropertyPro is not liable for any monetary transaction between you and the Agent.",0NSEL,21-Oct-25,24-Apr-26,https://www.propertypro.ng/property/8-bedroom-house-for-sale-wuse-2-abuja-0NSEL
6 Bedroom Fully Detached Duplex,2000000000,sale,Wuse-2,Wuse,Wuse 2 Abuja,6,6,7,Detached Duplex,"Safety TipsDo not make any inspection fee without seeing the agent and property.Only pay Rental fee, Sales fee or any upfront payment after you verify the Landlord.Ensure you meet the Agent in an open location.The Agent does not represent PropertyPro and PropertyPro is not liable for any monetary transaction between you and the Agent.",8NHWM,04-Aug-25,24-Apr-26,https://www.propertypro.ng/property/6-bedroom-house-for-sale-wuse-2-abuja-8NHWM
6 Bedroom Fully Detached Duplex,2000000000,sale,Wuse-2,Wuse,Wuse 2 Abuja,6,6,7,Detached Duplex,"Safety TipsDo not make any inspection fee without seeing the agent and property.Only pay Rental fee, Sales fee or any upfront payment after you verify the Landlord.Ensure you meet the Agent in an open location.The Agent does not represent PropertyPro and PropertyPro is not liable for any monetary transaction between you and the Agent.",7NHWM,04-Aug-25,24-Apr-26,https://www.propertypro.ng/property/6-bedroom-house-for-sale-wuse-2-abuja-7NHWM
4 Bedroom Duplex,1500000000,sale,Wuse-2,Wuse,Off Amino Kano Crescent Wuse 2 Abuja,4,4,5,Detached Duplex,"Safety TipsDo not make any inspection fee without seeing the agent and property.Only pay Rental fee, Sales fee or any upfront payment after you verify the Landlord.Ensure you meet the Agent in an open location.The Agent does not represent PropertyPro and PropertyPro is not liable for any monetary transaction between you and the Agent.",7MWHA,05-May-25,24-Apr-26,https://www.propertypro.ng/property/4-bedroom-house-for-sale-off-amino-kano-crescent-wuse-2-abuja-7MWHA
5 Bedroom Terrace Duplex With Bq,550000000,sale,Wuse-2,Wuse,Off Ademola Adetokumbo Wuse 2 Abuja,5,5,6,Terraced Duplex,"Safety TipsDo not make any inspection fee without seeing the agent and property.Only pay Rental fee, Sales fee or any upfront payment after you verify the Landlord.Ensure you meet the Agent in an open location.The Agent does not represent PropertyPro and PropertyPro is not liable for any monetary transaction between you and the Agent.",5NBUZ,13-Jun-25,24-Apr-26,https://www.propertypro.ng/property/5-bedroom-house-for-sale-off-ademola-adetokumbo-wuse-2-abuja-5NBUZ
5 Bedroom Detached Duplex With Bq,850000000,sale,Wuse-2,Wuse,Wuse 2 Abuja,5,5,,Detached Duplex,"Safety TipsDo not make any inspection fee without seeing the agent and property.Only pay Rental fee, Sales fee or any upfront payment after you verify the Landlord.Ensure you meet the Agent in an open location.The Agent does not represent PropertyPro and PropertyPro is not liable for any monetary transaction between you and the Agent.",4PEHD,23-Feb-26,24-Apr-26,https://www.propertypro.ng/property/5-bedroom-house-for-sale-wuse-2-abuja-4PEHD
2 Bedroom Luxury Apartment,250000000,sale,Wuse-2,Wuse,Wuse 2 Abuja,2,2,,Flat/Apartment,"Safety TipsDo not make any inspection fee without seeing the agent and property.Only pay Rental fee, Sales fee or any upfront payment after you verify the Landlord.Ensure you meet the Agent in an open location.The Agent does not represent PropertyPro and PropertyPro is not liable for any monetary transaction between you and the Agent.",9PCWQ,11-Feb-26,24-Apr-26,https://www.propertypro.ng/property/2-bedroom-flat-apartment-for-sale-wuse-2-abuja-9PCWQ
7 Bedroom Terrace Duplex,800000000,sale,Wuse-2,Wuse,Wuse 2 Abuja,7,7,,Terraced Duplex,"Safety TipsDo not make any inspection fee without seeing the agent and property.Only pay Rental fee, Sales fee or any upfront payment after you verify the Landlord.Ensure you meet the Agent in an open location.The Agent does not represent PropertyPro and PropertyPro is not liable for any monetary transaction between you and the Agent.",1PFDC,02-Mar-26,24-Apr-26,https://www.propertypro.ng/property/7-bedroom-house-for-sale-wuse-2-abuja-1PFDC
4 Bedroom Semi Detached Duplex With Bq,950000000,sale,Wuse-2,Wuse,Wuse 2 Abuja,4,4,,Semi-Detached Duplex,"Safety TipsDo not make any inspection fee without seeing the agent and property.Only pay Rental fee, Sales fee or any upfront payment after you verify the Landlord.Ensure you meet the Agent in an open location.The Agent does not represent PropertyPro and PropertyPro is not liable for any monetary transaction between you and the Agent.",5NZMT,12-Jan-26,24-Apr-26,https://www.propertypro.ng/property/4-bedroom-house-for-sale-wuse-2-abuja-5NZMT
6 Units Of 3 Bedroom With 2 Units Of 1 Bedroom Flat,2000000000,sale,Wuse-2,Wuse,Wuse 2 Abuja,3,2,,Flat/Apartment,"Safety TipsDo not make any inspection fee without seeing the agent and property.Only pay Rental fee, Sales fee or any upfront payment after you verify the Landlord.Ensure you meet the Agent in an open location.The Agent does not represent PropertyPro and PropertyPro is not liable for any monetary transaction between you and the Agent.",9PHPB,23-Mar-26,24-Apr-26,https://www.propertypro.ng/property/3-bedroom-house-for-sale-wuse-2-abuja-9PHPB
6 Units Of 3 Bedroom Flat,1300000000,sale,Wuse-2,Wuse,Wuse 2 Abuja,3,,,Flat/Apartment,"Safety TipsDo not make any inspection fee without seeing the agent and property.Only pay Rental fee, Sales fee or any upfront payment after you verify the Landlord.Ensure you meet the Agent in an open location.The Agent does not represent PropertyPro and PropertyPro is not liable for any monetary transaction between you and the Agent.",6PAYN,23-Jan-26,24-Apr-26,https://www.propertypro.ng/property/3-bedroom-flat-apartment-for-sale-wuse-2-abuja-6PAYN
4 Bedroom Semi Detached Duplex With Bq,850000000,sale,Wuse-2,Wuse,Wuse 2 Abuja,4,4,,Semi-Detached Duplex,"Safety TipsDo not make any inspection fee without seeing the agent and property.Only pay Rental fee, Sales fee or any upfront payment after you verify the Landlord.Ensure you meet the Agent in an open location.The Agent does not represent PropertyPro and PropertyPro is not liable for any monetary transaction between you and the Agent.",7PBDJ,26-Jan-26,24-Apr-26,https://www.propertypro.ng/property/4-bedroom-house-for-sale-wuse-2-abuja-7PBDJ
7 Bedroom Detached Duplex With 2 Bq,2500000000,sale,Wuse-2,Wuse,Wuse 2 Abuja,7,7,,Detached Duplex,"Safety TipsDo not make any inspection fee without seeing the agent and property.Only pay Rental fee, Sales fee or any upfront payment after you verify the Landlord.Ensure you meet the Agent in an open location.The Agent does not represent PropertyPro and PropertyPro is not liable for any monetary transaction between you and the Agent.",2PGGN,11-Mar-26,24-Apr-26,https://www.propertypro.ng/property/7-bedroom-house-for-sale-wuse-2-abuja-2PGGN
3 Bedroom Block Of Flat,300000000,sale,Wuse-2,Wuse,Wuse 2 Abuja,3,3,,Flat/Apartment,"Safety TipsDo not make any inspection fee without seeing the agent and property.Only pay Rental fee, Sales fee or any upfront payment after you verify the Landlord.Ensure you meet the Agent in an open location.The Agent does not represent PropertyPro and PropertyPro is not liable for any monetary transaction between you and the Agent.",9PGGP,11-Mar-26,24-Apr-26,https://www.propertypro.ng/property/3-bedroom-house-for-sale-wuse-2-abuja-9PGGP
Newly Built 4 Bedroom Terrace Duplex With Bq,150000000,sale,Gwarinpa,Gwarinpa,Gwarinpa Abuja,4,4,5,Terraced Duplex,"Safety TipsDo not make any inspection fee without seeing the agent and property.Only pay Rental fee, Sales fee or any upfront payment after you verify the Landlord.Ensure you meet the Agent in an open location.The Agent does not represent PropertyPro and PropertyPro is not liable for any monetary transaction between you and the Agent.",0PDPE,17-Feb-26,24-Apr-26,https://www.propertypro.ng/property/4-bedroom-house-for-sale-gwarinpa-abuja-0PDPE
2 Bedroom Flat,350000000,sale,Gwarinpa,Gwarinpa,Gwarinpa Abuja,2,3,3,Flat/Apartment,"Safety TipsDo not make any inspection fee without seeing the agent and property.Only pay Rental fee, Sales fee or any upfront payment after you verify the Landlord.Ensure you meet the Agent in an open location.The Agent does not represent PropertyPro and PropertyPro is not liable for any monetary transaction between you and the Agent.",2PBRE,30-Jan-26,24-Apr-26,https://www.propertypro.ng/property/2-bedroom-house-for-sale-gwarinpa-abuja-2PBRE
Distress Sale Of 8 Units Of 2 Bedroom Apartment,650000000,sale,Gwarinpa,Gwarinpa,Gwarinpa Abuja,2,2,3,Flat/Apartment,"Safety TipsDo not make any inspection fee without seeing the agent and property.Only pay Rental fee, Sales fee or any upfront payment after you verify the Landlord.Ensure you meet the Agent in an open location.The Agent does not represent PropertyPro and PropertyPro is not liable for any monetary transaction between you and the Agent.",5NXMH,15-Dec-25,24-Apr-26,https://www.propertypro.ng/property/2-bedroom-house-for-sale-gwarinpa-abuja-5NXMH
4 Bedroom Detached Duplex,365000000,sale,Gwarinpa,Gwarinpa,Gwarimpa In A Serene And Secured Estate Gwarinpa Abuja,4,4,5,Detached Duplex,"Safety TipsDo not make any inspection fee without seeing the agent and property.Only pay Rental fee, Sales fee or any upfront payment after you verify the Landlord.Ensure you meet the Agent in an open location.The Agent does not represent PropertyPro and PropertyPro is not liable for any monetary transaction between you and the Agent.",2PFFK,02-Mar-26,24-Apr-26,https://www.propertypro.ng/property/4-bedroom-house-for-sale-gwarimpa-in-a-serene-and-secured-estate-gwarinpa-abuja-2PFFK
4 Bedroom Terrace With Bq,210000000,sale,Gwarinpa,Gwarinpa,Gwarimpa Gwarinpa Abuja,4,4,5,House,"Safety TipsDo not make any inspection fee without seeing the agent and property.Only pay Rental fee, Sales fee or any upfront payment after you verify the Landlord.Ensure you meet the Agent in an open location.The Agent does not represent PropertyPro and PropertyPro is not liable for any monetary transaction between you and the Agent.",9PDQX,18-Feb-26,24-Apr-26,https://www.propertypro.ng/property/4-bedroom-house-for-sale-gwarimpa-gwarinpa-abuja-9PDQX
Newly Built 3 Bedroom Duplex,150000000,sale,Gwarinpa,Gwarinpa,News Engineering Dawaki Gwarinpa Abuja,3,3,4,Detached Duplex,"Safety TipsDo not make any inspection fee without seeing the agent and property.Only pay Rental fee, Sales fee or any upfront payment after you verify the Landlord.Ensure you meet the Agent in an open location.The Agent does not represent PropertyPro and PropertyPro is not liable for any monetary transaction between you and the Agent.",1PGNH,13-Mar-26,24-Apr-26,https://www.propertypro.ng/property/3-bedroom-house-for-sale-news-engineering-dawaki-gwarinpa-abuja-1PGNH
Newly Built 5 Bedroom Terrace Duplex With Bq,250000000,sale,Gwarinpa,Gwarinpa,Trans Engineering Dawaki Gwarinpa Abuja,5,5,6,Terraced Duplex,"Safety TipsDo not make any inspection fee without seeing the agent and property.Only pay Rental fee, Sales fee or any upfront payment after you verify the Landlord.Ensure you meet the Agent in an open location.The Agent does not represent PropertyPro and PropertyPro is not liable for any monetary transaction between you and the Agent.",8PFBF,01-Mar-26,24-Apr-26,https://www.propertypro.ng/property/5-bedroom-house-for-sale-trans-engineering-dawaki-gwarinpa-abuja-8PFBF
Fully Furnished 6 Bedrooms With Bq,300000000,sale,Gwarinpa,Gwarinpa,Dantata Estate Gwarinpa Abuja,6,6,7,House,"Safety TipsDo not make any inspection fee without seeing the agent and property.Only pay Rental fee, Sales fee or any upfront payment after you verify the Landlord.Ensure you meet the Agent in an open location.The Agent does not represent PropertyPro and PropertyPro is not liable for any monetary transaction between you and the Agent.",0PJLL,31-Mar-26,24-Apr-26,https://www.propertypro.ng/property/6-bedroom-house-for-sale-dantata-estate-gwarinpa-abuja-0PJLL
4 Bedroom Terrace Duplex With Bq,280000000,sale,Gwarinpa,Gwarinpa,Main Gwarinpa Abuja,4,4,5,Terraced Duplex,"Safety TipsDo not make any inspection fee without seeing the agent and property.Only pay Rental fee, Sales fee or any upfront payment after you verify the Landlord.Ensure you meet the Agent in an open location.The Agent does not represent PropertyPro and PropertyPro is not liable for any monetary transaction between you and the Agent.",2PFCA,01-Mar-26,24-Apr-26,https://www.propertypro.ng/property/4-bedroom-house-for-sale-main-gwarinpa-abuja-2PFCA
"7bedroom Detached Duplex, Bq & Swimming Pool",550000000,sale,Gwarinpa,Gwarinpa,Main Gwarinpa Abuja,7,7,8,Detached Duplex,"Safety TipsDo not make any inspection fee without seeing the agent and property.Only pay Rental fee, Sales fee or any upfront payment after you verify the Landlord.Ensure you meet the Agent in an open location.The Agent does not represent PropertyPro and PropertyPro is not liable for any monetary transaction between you and the Agent.",4PKJA,09-Apr-26,24-Apr-26,https://www.propertypro.ng/property/7-bedroom-house-for-sale-main-gwarinpa-abuja-4PKJA
5 Bedroom Detached Duplex With Bq,400000000,sale,Gwarinpa,Gwarinpa,Main Gwarinpa Abuja,5,5,6,Detached Duplex,"Safety TipsDo not make any inspection fee without seeing the agent and property.Only pay Rental fee, Sales fee or any upfront payment after you verify the Landlord.Ensure you meet the Agent in an open location.The Agent does not represent PropertyPro and PropertyPro is not liable for any monetary transaction between you and the Agent.",8PBEN,26-Jan-26,24-Apr-26,https://www.propertypro.ng/property/5-bedroom-house-for-sale-main-gwarinpa-abuja-8PBEN
Luxurious 5 Bedroom Terraced Duplex With Bq,250000000,sale,Gwarinpa,Gwarinpa,Main Gwarinpa Abuja,5,5,6,Terraced Duplex,"Safety TipsDo not make any inspection fee without seeing the agent and property.Only pay Rental fee, Sales fee or any upfront payment after you verify the Landlord.Ensure you meet the Agent in an open location.The Agent does not represent PropertyPro and PropertyPro is not liable for any monetary transaction between you and the Agent.",9NZZR,16-Jan-26,24-Apr-26,https://www.propertypro.ng/property/5-bedroom-house-for-sale-main-gwarinpa-abuja-9NZZR
9 Units Of 2 Bedroom Flat,120000000,sale,Gwarinpa,Gwarinpa,6th Avenue Gwarinpa Abuja,2,,,Flat/Apartment,"Safety TipsDo not make any inspection fee without seeing the agent and property.Only pay Rental fee, Sales fee or any upfront payment after you verify the Landlord.Ensure you meet the Agent in an open location.The Agent does not represent PropertyPro and PropertyPro is not liable for any monetary transaction between you and the Agent.",4PAQH,21-Jan-26,24-Apr-26,https://www.propertypro.ng/property/2-bedroom-flat-apartment-for-sale-6th-avenue-gwarinpa-abuja-4PAQH
Distress 3 Bedrooms Flat Ensuite,65000000,sale,Gwarinpa,Gwarinpa,Dawaki Opposite Gwarinpa Gwarinpa Abuja,3,4,4,Flat/Apartment,"Safety TipsDo not make any inspection fee without seeing the agent and property.Only pay Rental fee, Sales fee or any upfront payment after you verify the Landlord.Ensure you meet the Agent in an open location.The Agent does not represent PropertyPro and PropertyPro is not liable for any monetary transaction between you and the Agent.",4PMFZ,25-Apr-26,25-Apr-26,https://www.propertypro.ng/property/3-bedroom-house-for-sale-dawaki-opposite-gwarinpa-gwarinpa-abuja-4PMFZ
Newly Built 4 Bedroom Terraced Duplex With Bq,200000000,sale,Gwarinpa,Gwarinpa,Gwarimpa 6avenue Gwarinpa Abuja,4,4,5,Terraced Duplex,"Safety TipsDo not make any inspection fee without seeing the agent and property.Only pay Rental fee, Sales fee or any upfront payment after you verify the Landlord.Ensure you meet the Agent in an open location.The Agent does not represent PropertyPro and PropertyPro is not liable for any monetary transaction between you and the Agent.",7NSPU,24-Oct-25,24-Apr-26,https://www.propertypro.ng/property/4-bedroom-house-for-sale-gwarimpa-6avenue-gwarinpa-abuja-7NSPU
7 Bedroom Detached Duplex With Penthouse,600000000,sale,Gwarinpa,Gwarinpa,In An Estate At Gwarinpa Extension Gwarinpa Abuja,7,7,8,Detached Duplex,"Safety TipsDo not make any inspection fee without seeing the agent and property.Only pay Rental fee, Sales fee or any upfront payment after you verify the Landlord.Ensure you meet the Agent in an open location.The Agent does not represent PropertyPro and PropertyPro is not liable for any monetary transaction between you and the Agent.",1NLUX,31-Aug-25,24-Apr-26,https://www.propertypro.ng/property/7-bedroom-house-for-sale-in-an-estate-at-gwarinpa-extension-gwarinpa-abuja-1NLUX
Newly Built 3 Bedroom Bungalow,155000000,sale,Gwarinpa,Gwarinpa,Efab Verizon Estate Gwarinpa Abuja,3,3,4,Bungalow,"Safety TipsDo not make any inspection fee without seeing the agent and property.Only pay Rental fee, Sales fee or any upfront payment after you verify the Landlord.Ensure you meet the Agent in an open location.The Agent does not represent PropertyPro and PropertyPro is not liable for any monetary transaction between you and the Agent.",9NPXY,30-Sep-25,24-Apr-26,https://www.propertypro.ng/property/3-bedroom-house-for-sale-efab-verizon-estate-gwarinpa-abuja-9NPXY
3 Bedroom Semi Detached Duplex With Bq,270000000,sale,Gwarinpa,Gwarinpa,News Engineering Dawaki Gwarinpa Abuja,3,3,4,Semi-Detached Duplex,"Safety TipsDo not make any inspection fee without seeing the agent and property.Only pay Rental fee, Sales fee or any upfront payment after you verify the Landlord.Ensure you meet the Agent in an open location.The Agent does not represent PropertyPro and PropertyPro is not liable for any monetary transaction between you and the Agent.",3NDSC,29-Jun-25,24-Apr-26,https://www.propertypro.ng/property/3-bedroom-house-for-sale-news-engineering-dawaki-gwarinpa-abuja-3NDSC
3 Bedroom Apartment,102199875,sale,Lugbe,Lugbe,"Airport Road, Lugbe Abuja",3,3,4,Flat/Apartment,"Safety TipsDo not make any inspection fee without seeing the agent and property.Only pay Rental fee, Sales fee or any upfront payment after you verify the Landlord.Ensure you meet the Agent in an open location.The Agent does not represent PropertyPro and PropertyPro is not liable for any monetary transaction between you and the Agent.",2PFKA,03-Mar-26,24-Apr-26,https://www.propertypro.ng/property/3-bedroom-house-for-sale-airport-road-lugbe-abuja-2PFKA
4 Bedroom Bungalow,170000000,sale,Lugbe,Lugbe,Fort Royal Estate Lugbe Abuja,4,4,5,Bungalow,"Safety TipsDo not make any inspection fee without seeing the agent and property.Only pay Rental fee, Sales fee or any upfront payment after you verify the Landlord.Ensure you meet the Agent in an open location.The Agent does not represent PropertyPro and PropertyPro is not liable for any monetary transaction between you and the Agent.",4PJBD,27-Mar-26,24-Apr-26,https://www.propertypro.ng/property/4-bedroom-house-for-sale-fort-royal-estate-lugbe-abuja-4PJBD
2 Bedroom Apartment,36508320,sale,Lugbe,Lugbe,"Airport Road Before Centenary City, Lugbe Abuja",2,2,3,Flat/Apartment,"Safety TipsDo not make any inspection fee without seeing the agent and property.Only pay Rental fee, Sales fee or any upfront payment after you verify the Landlord.Ensure you meet the Agent in an open location.The Agent does not represent PropertyPro and PropertyPro is not liable for any monetary transaction between you and the Agent.",6PFKE,03-Mar-26,24-Apr-26,https://www.propertypro.ng/property/2-bedroom-house-for-sale-airport-road-before-centenary-city-lugbe-abuja-6PFKE
1 Bedroom Apartment,52080376,sale,Lugbe,Lugbe,"Airport Road Before Centenary City, Lugbe Abuja",1,1,2,Flat/Apartment,"Safety TipsDo not make any inspection fee without seeing the agent and property.Only pay Rental fee, Sales fee or any upfront payment after you verify the Landlord.Ensure you meet the Agent in an open location.The Agent does not represent PropertyPro and PropertyPro is not liable for any monetary transaction between you and the Agent.",0PFKF,03-Mar-26,24-Apr-26,https://www.propertypro.ng/property/1-bedroom-house-for-sale-airport-road-before-centenary-city-lugbe-abuja-0PFKF
4 Bedroom Fully Detached Duplex || Distress Sale,130000000,sale,Lugbe,Lugbe,Back Of Glory Dome Lugbe Abuja,4,4,5,Detached Duplex,"Safety TipsDo not make any inspection fee without seeing the agent and property.Only pay Rental fee, Sales fee or any upfront payment after you verify the Landlord.Ensure you meet the Agent in an open location.The Agent does not represent PropertyPro and PropertyPro is not liable for any monetary transaction between you and the Agent.",2PLKK,18-Apr-26,27-Apr-26,https://www.propertypro.ng/property/4-bedroom-house-for-sale-back-of-glory-dome-lugbe-abuja-2PLKK
Newly Built & Distress 4 Bedroom Duplex,55000000,sale,Lugbe,Lugbe,"Opposite River Park Estate, By Nut Hq Airport Road Abuja Sabon Lugbe Lugbe Abuja",4,4,5,Detached Duplex,"Safety TipsDo not make any inspection fee without seeing the agent and property.Only pay Rental fee, Sales fee or any upfront payment after you verify the Landlord.Ensure you meet the Agent in an open location.The Agent does not represent PropertyPro and PropertyPro is not liable for any monetary transaction between you and the Agent.",7PMHP,27-Apr-26,27-Apr-26,https://www.propertypro.ng/property/4-bedroom-house-for-sale-opposite-river-park-estate-by-nut-hq-airport-road-abuja-sabon-lugbe-lugbe-abuja-7PMHP
Newly Built 3 Bedroom With A Bq,200000000,sale,Lugbe,Lugbe,Cluster 3 River Park Estate Lugbe Abuja,3,3,4,House,"Safety TipsDo not make any inspection fee without seeing the agent and property.Only pay Rental fee, Sales fee or any upfront payment after you verify the Landlord.Ensure you meet the Agent in an open location.The Agent does not represent PropertyPro and PropertyPro is not liable for any monetary transaction between you and the Agent.",0PMHB,26-Apr-26,26-Apr-26,https://www.propertypro.ng/property/3-bedroom-house-for-sale-cluster-3-river-park-estate-lugbe-abuja-0PMHB
Newly Built 2 Bedroom Flat,120000000,sale,Lugbe,Lugbe,River Park Estate Lugbe Abuja,2,2,3,Flat/Apartment,"Safety TipsDo not make any inspection fee without seeing the agent and property.Only pay Rental fee, Sales fee or any upfront payment after you verify the Landlord.Ensure you meet the Agent in an open location.The Agent does not represent PropertyPro and PropertyPro is not liable for any monetary transaction between you and the Agent.",7NTSD,05-Nov-25,24-Apr-26,https://www.propertypro.ng/property/2-bedroom-flat-apartment-for-sale-river-park-estate-lugbe-abuja-7NTSD
Newly Built 5 Bedroom With A Gate House,250000000,sale,Lugbe,Lugbe,Sally Best Estate Lugbe Abuja,5,5,6,House,"Safety TipsDo not make any inspection fee without seeing the agent and property.Only pay Rental fee, Sales fee or any upfront payment after you verify the Landlord.Ensure you meet the Agent in an open location.The Agent does not represent PropertyPro and PropertyPro is not liable for any monetary transaction between you and the Agent.",8NFHB,12-Jul-25,24-Apr-26,https://www.propertypro.ng/property/5-bedroom-house-for-sale-sally-best-estate-lugbe-abuja-8NFHB
Newly Built Luxury 7 Bedroom Semi Detached Duplex,1800000000,sale,Jabi,Jabi,Jabi Abuja,7,7,8,Semi-Detached Duplex,"Safety TipsDo not make any inspection fee without seeing the agent and property.Only pay Rental fee, Sales fee or any upfront payment after you verify the Landlord.Ensure you meet the Agent in an open location.The Agent does not represent PropertyPro and PropertyPro is not liable for any monetary transaction between you and the Agent.",6PLWL,22-Apr-26,24-Apr-26,https://www.propertypro.ng/property/7-bedroom-house-for-sale-jabi-abuja-6PLWL
Standard 3 Bedroom With A Bq,280000000,sale,Jabi,Jabi,Jabi Abuja,3,4,5,Flat/Apartment,"Safety TipsDo not make any inspection fee without seeing the agent and property.Only pay Rental fee, Sales fee or any upfront payment after you verify the Landlord.Ensure you meet the Agent in an open location.The Agent does not represent PropertyPro and PropertyPro is not liable for any monetary transaction between you and the Agent.",0PLDP,16-Apr-26,24-Apr-26,https://www.propertypro.ng/property/3-bedroom-flat-apartment-for-sale-jabi-abuja-0PLDP
Standard 3 Bedroom Flat,120000000,sale,Jabi,Jabi,"Lakeview Homes, Close To Shoprite Jabi Abuja",3,3,4,Flat/Apartment,"Safety TipsDo not make any inspection fee without seeing the agent and property.Only pay Rental fee, Sales fee or any upfront payment after you verify the Landlord.Ensure you meet the Agent in an open location.The Agent does not represent PropertyPro and PropertyPro is not liable for any monetary transaction between you and the Agent.",6PJMC,31-Mar-26,24-Apr-26,https://www.propertypro.ng/property/3-bedroom-flat-apartment-for-sale-lakeview-homes-close-to-shoprite-jabi-abuja-6PJMC
A Newly Built 4 Bedroom With A Bq,330000000,sale,Jabi,Jabi,Jabi Abuja,4,4,5,House,"Safety TipsDo not make any inspection fee without seeing the agent and property.Only pay Rental fee, Sales fee or any upfront payment after you verify the Landlord.Ensure you meet the Agent in an open location.The Agent does not represent PropertyPro and PropertyPro is not liable for any monetary transaction between you and the Agent.",3PJRC,02-Apr-26,24-Apr-26,https://www.propertypro.ng/property/4-bedroom-house-for-sale-jabi-abuja-3PJRC
Pre Finished 3 Bedroom Flat,85000000,sale,Jabi,Jabi,Main Jabi Abuja,3,3,4,Flat/Apartment,"Safety TipsDo not make any inspection fee without seeing the agent and property.Only pay Rental fee, Sales fee or any upfront payment after you verify the Landlord.Ensure you meet the Agent in an open location.The Agent does not represent PropertyPro and PropertyPro is not liable for any monetary transaction between you and the Agent.",0NRPE,15-Oct-25,24-Apr-26,https://www.propertypro.ng/property/3-bedroom-house-for-sale-main-jabi-abuja-0NRPE
4 Bedroom Terraced Duplex With A Bq,250000000,sale,Jabi,Jabi,By Jabi Airport Road Jabi Abuja,4,4,5,Terraced Duplex,"Safety TipsDo not make any inspection fee without seeing the agent and property.Only pay Rental fee, Sales fee or any upfront payment after you verify the Landlord.Ensure you meet the Agent in an open location.The Agent does not represent PropertyPro and PropertyPro is not liable for any monetary transaction between you and the Agent.",3NBEG,07-Jun-25,24-Apr-26,https://www.propertypro.ng/property/4-bedroom-house-for-sale-by-jabi-airport-road-jabi-abuja-3NBEG
Newly Built 2 Bedroom,75000000,sale,Jabi,Kubwa,In A Very Beautiful Environment Of F01 Kubwa Abuja,2,2,3,Flat/Apartment,"Safety TipsDo not make any inspection fee without seeing the agent and property.Only pay Rental fee, Sales fee or any upfront payment after you verify the Landlord.Ensure you meet the Agent in an open location.The Agent does not represent PropertyPro and PropertyPro is not liable for any monetary transaction between you and the Agent.",7PJWN,04-Apr-26,24-Apr-26,https://www.propertypro.ng/property/2-bedroom-flat-apartment-for-sale-in-a-very-beautiful-environment-of-f01-kubwa-abuja-7PJWN
Newly Built 4 Bedroom Terrace Duplex With Bq,370000000,sale,Jabi,Jabi,Jabi Abuja,4,4,5,Terraced Duplex,"Safety TipsDo not make any inspection fee without seeing the agent and property.Only pay Rental fee, Sales fee or any upfront payment after you verify the Landlord.Ensure you meet the Agent in an open location.The Agent does not represent PropertyPro and PropertyPro is not liable for any monetary transaction between you and the Agent.",2NYDT,23-Dec-25,24-Apr-26,https://www.propertypro.ng/property/4-bedroom-house-for-sale-jabi-abuja-2NYDT
Newly Built 4 Bedroom,285000000,sale,Jabi,Jabi,By Jabi Lake Jabi Abuja,4,4,5,House,"Safety TipsDo not make any inspection fee without seeing the agent and property.Only pay Rental fee, Sales fee or any upfront payment after you verify the Landlord.Ensure you meet the Agent in an open location.The Agent does not represent PropertyPro and PropertyPro is not liable for any monetary transaction between you and the Agent.",2NJHF,08-Aug-25,24-Apr-26,https://www.propertypro.ng/property/4-bedroom-house-for-sale-by-jabi-lake-jabi-abuja-2NJHF
Newly Built 4 Bedroom Terrace Duplex With Bq,330000000,sale,Jabi,Jabi,Main Jabi Abuja,4,4,5,Terraced Duplex,"Safety TipsDo not make any inspection fee without seeing the agent and property.Only pay Rental fee, Sales fee or any upfront payment after you verify the Landlord.Ensure you meet the Agent in an open location.The Agent does not represent PropertyPro and PropertyPro is not liable for any monetary transaction between you and the Agent.",2NSXC,27-Oct-25,24-Apr-26,https://www.propertypro.ng/property/4-bedroom-house-for-sale-main-jabi-abuja-2NSXC
Newly Built 4 Bedroom Flat,200000000,sale,Jabi,Jabi,By The Apostolic Church Jabi Abuja,4,4,5,Flat/Apartment,"Safety TipsDo not make any inspection fee without seeing the agent and property.Only pay Rental fee, Sales fee or any upfront payment after you verify the Landlord.Ensure you meet the Agent in an open location.The Agent does not represent PropertyPro and PropertyPro is not liable for any monetary transaction between you and the Agent.",2NNYW,20-Sep-25,24-Apr-26,https://www.propertypro.ng/property/4-bedroom-house-for-sale-by-the-apostolic-church-jabi-abuja-2NNYW
5 Bedroom Terrace Duplex,400000000,sale,Jabi,Jabi,Jabi District Jabi Abuja,5,5,6,Terraced Duplex,"Safety TipsDo not make any inspection fee without seeing the agent and property.Only pay Rental fee, Sales fee or any upfront payment after you verify the Landlord.Ensure you meet the Agent in an open location.The Agent does not represent PropertyPro and PropertyPro is not liable for any monetary transaction between you and the Agent.",7NLCD,25-Aug-25,24-Apr-26,https://www.propertypro.ng/property/5-bedroom-house-for-sale-jabi-district-jabi-abuja-7NLCD
Newly Built Spacious 3 Bedroom Flat + 1bq,225000000,sale,Jabi,Jabi,Jabi Abuja. Jabi Abuja,3,3,4,Flat/Apartment,"Safety TipsDo not make any inspection fee without seeing the agent and property.Only pay Rental fee, Sales fee or any upfront payment after you verify the Landlord.Ensure you meet the Agent in an open location.The Agent does not represent PropertyPro and PropertyPro is not liable for any monetary transaction between you and the Agent.",6PHUA,25-Mar-26,24-Apr-26,https://www.propertypro.ng/property/3-bedroom-flat-apartment-for-sale-jabi-abuja-jabi-abuja-6PHUA
Luxurious 6 Bedroom Detached Duplex With Bq,750000000,sale,Katampe,Katampe,"Katampe Ext Diplomatic Zone, Katampe Extension Katampe Abuja",6,6,7,Detached Duplex,"Safety TipsDo not make any inspection fee without seeing the agent and property.Only pay Rental fee, Sales fee or any upfront payment after you verify the Landlord.Ensure you meet the Agent in an open location.The Agent does not represent PropertyPro and PropertyPro is not liable for any monetary transaction between you and the Agent.",9PCQG,09-Feb-26,24-Apr-26,https://www.propertypro.ng/property/6-bedroom-house-for-sale-katampe-ext-diplomatic-zone-katampe-extension-katampe-abuja-9PCQG
A Newly Built 5bedroom Fully Detached Duplex,350000000,sale,Katampe,Katampe,Katampe Extension Katampe Abuja,5,5,6,Detached Duplex,"Safety TipsDo not make any inspection fee without seeing the agent and property.Only pay Rental fee, Sales fee or any upfront payment after you verify the Landlord.Ensure you meet the Agent in an open location.The Agent does not represent PropertyPro and PropertyPro is not liable for any monetary transaction between you and the Agent.",7PMCR,24-Apr-26,26-Apr-26,https://www.propertypro.ng/property/5-bedroom-house-for-sale-katampe-extension-katampe-abuja-7PMCR
Luxurious 7 Bedroom Detached Villa With Bq,1100000000,sale,Katampe,Katampe,"Katampe Extention Diplomatic Zone, Katampe Extension Katampe Abuja",7,7,8,House,"Safety TipsDo not make any inspection fee without seeing the agent and property.Only pay Rental fee, Sales fee or any upfront payment after you verify the Landlord.Ensure you meet the Agent in an open location.The Agent does not represent PropertyPro and PropertyPro is not liable for any monetary transaction between you and the Agent.",7PBRF,30-Jan-26,24-Apr-26,https://www.propertypro.ng/property/7-bedroom-house-for-sale-katampe-extention-diplomatic-zone-katampe-extension-katampe-abuja-7PBRF
4 Bedroom Detached Duplex,550000000,sale,Katampe,Katampe,"Katampe Extention Diplomatic Zone,area For People That Matters Katampe Extension Katampe Abuja",4,4,5,Detached Duplex,"Safety TipsDo not make any inspection fee without seeing the agent and property.Only pay Rental fee, Sales fee or any upfront payment after you verify the Landlord.Ensure you meet the Agent in an open location.The Agent does not represent PropertyPro and PropertyPro is not liable for any monetary transaction between you and the Agent.",1PDGM,15-Feb-26,24-Apr-26,https://www.propertypro.ng/property/4-bedroom-house-for-sale-katampe-extention-diplomatic-zonearea-for-people-that-matters-katampe-extension-katampe-abuja-1PDGM
Fully Furnished 3 Bedroom,220000000,sale,Katampe,Katampe,Katampe Extension Katampe Abuja,3,3,4,Flat/Apartment,"Safety TipsDo not make any inspection fee without seeing the agent and property.Only pay Rental fee, Sales fee or any upfront payment after you verify the Landlord.Ensure you meet the Agent in an open location.The Agent does not represent PropertyPro and PropertyPro is not liable for any monetary transaction between you and the Agent.",3PHKF,21-Mar-26,24-Apr-26,https://www.propertypro.ng/property/3-bedroom-flat-apartment-for-sale-katampe-extension-katampe-abuja-3PHKF
6 Bedroom Semi Detached Duplex,450000000,sale,Katampe,Katampe,Katampe Abuja,6,6,7,Semi-Detached Duplex,"Safety TipsDo not make any inspection fee without seeing the agent and property.Only pay Rental fee, Sales fee or any upfront payment after you verify the Landlord.Ensure you meet the Agent in an open location.The Agent does not represent PropertyPro and PropertyPro is not liable for any monetary transaction between you and the Agent.",6MXFF,10-May-25,24-Apr-26,https://www.propertypro.ng/property/6-bedroom-house-for-sale-katampe-abuja-6MXFF
4 Bedroom Detached Duplex,290000000,sale,Katampe,Katampe,"Ideal Homes Katampe Extension, Katampe Abuja",4,5,5,Detached Duplex,"Safety TipsDo not make any inspection fee without seeing the agent and property.Only pay Rental fee, Sales fee or any upfront payment after you verify the Landlord.Ensure you meet the Agent in an open location.The Agent does not represent PropertyPro and PropertyPro is not liable for any monetary transaction between you and the Agent.",7PEDG,22-Feb-26,24-Apr-26,https://www.propertypro.ng/property/4-bedroom-house-for-sale-ideal-homes-katampe-extension-katampe-abuja-7PEDG
Newly Built 4 Bedroom Duplex In Katampe Extension,250000000,sale,Katampe,Katampe,Pearls Court Katampe Extension Katampe Extension Katampe Abuja,4,4,5,Detached Duplex,"Safety TipsDo not make any inspection fee without seeing the agent and property.Only pay Rental fee, Sales fee or any upfront payment after you verify the Landlord.Ensure you meet the Agent in an open location.The Agent does not represent PropertyPro and PropertyPro is not liable for any monetary transaction between you and the Agent.",8PKCR,07-Apr-26,22-Apr-26,https://www.propertypro.ng/property/4-bedroom-house-for-sale-pearls-court-katampe-extension-katampe-extension-katampe-abuja-8PKCR
New 6 Bedrooms Duplex (carcass),650000000,sale,Katampe,Katampe,Katampe Extension Katampe Abuja,6,7,7,Detached Duplex,"Safety TipsDo not make any inspection fee without seeing the agent and property.Only pay Rental fee, Sales fee or any upfront payment after you verify the Landlord.Ensure you meet the Agent in an open location.The Agent does not represent PropertyPro and PropertyPro is not liable for any monetary transaction between you and the Agent.",3PMGD,25-Apr-26,,https://www.propertypro.ng/property/6-bedroom-house-for-sale-katampe-extension-katampe-abuja-3PMGD
Carcass 5 Bedrooms Duplex,500000000,sale,Katampe,Katampe,Katampe Extension Katampe Abuja,5,6,6,Detached Duplex,"Safety TipsDo not make any inspection fee without seeing the agent and property.Only pay Rental fee, Sales fee or any upfront payment after you verify the Landlord.Ensure you meet the Agent in an open location.The Agent does not represent PropertyPro and PropertyPro is not liable for any monetary transaction between you and the Agent.",9PMDY,24-Apr-26,24-Apr-26,https://www.propertypro.ng/property/5-bedroom-house-for-sale-katampe-extension-katampe-abuja-9PMDY
Newly Built 4 Bedroom Flat,350000000,sale,Katampe,Katampe,Katampe Abuja,4,4,5,Flat/Apartment,"Safety TipsDo not make any inspection fee without seeing the agent and property.Only pay Rental fee, Sales fee or any upfront payment after you verify the Landlord.Ensure you meet the Agent in an open location.The Agent does not represent PropertyPro and PropertyPro is not liable for any monetary transaction between you and the Agent.",0NHPV,01-Aug-25,24-Apr-26,https://www.propertypro.ng/property/4-bedroom-house-for-sale-katampe-abuja-0NHPV
Newly Built 3 Bedroom Flat,265000000,sale,Katampe,Katampe,Katampe Extension Katampe Abuja,3,3,4,Flat/Apartment,"Safety TipsDo not make any inspection fee without seeing the agent and property.Only pay Rental fee, Sales fee or any upfront payment after you verify the Landlord.Ensure you meet the Agent in an open location.The Agent does not represent PropertyPro and PropertyPro is not liable for any monetary transaction between you and the Agent.",7PJUA,03-Apr-26,24-Apr-26,https://www.propertypro.ng/property/3-bedroom-flat-apartment-for-sale-katampe-extension-katampe-abuja-7PJUA
A Newly Built 4bedroom Terraced Duplex With A Bq,350000000,sale,Life-Camp,Life-Camp,Life Camp Abuja,4,4,5,Terraced Duplex,"Safety TipsDo not make any inspection fee without seeing the agent and property.Only pay Rental fee, Sales fee or any upfront payment after you verify the Landlord.Ensure you meet the Agent in an open location.The Agent does not represent PropertyPro and PropertyPro is not liable for any monetary transaction between you and the Agent.",0PLWY,22-Apr-26,26-Apr-26,https://www.propertypro.ng/property/4-bedroom-house-for-sale-life-camp-abuja-0PLWY
Newly Built Cornerpeice 4bedroom Terrace With Bq,270000000,sale,Life-Camp,Life-Camp,Life Camp Life Camp Abuja,4,4,5,House,"Safety TipsDo not make any inspection fee without seeing the agent and property.Only pay Rental fee, Sales fee or any upfront payment after you verify the Landlord.Ensure you meet the Agent in an open location.The Agent does not represent PropertyPro and PropertyPro is not liable for any monetary transaction between you and the Agent.",7PLDC,16-Apr-26,24-Apr-26,https://www.propertypro.ng/property/4-bedroom-house-for-sale-life-camp-life-camp-abuja-7PLDC
Newly Built 3 Bedroom Semi Detached With Bq,210000000,sale,Life-Camp,Life-Camp,Life Camp Extention Life Camp Abuja,3,3,4,House,"Safety TipsDo not make any inspection fee without seeing the agent and property.Only pay Rental fee, Sales fee or any upfront payment after you verify the Landlord.Ensure you meet the Agent in an open location.The Agent does not represent PropertyPro and PropertyPro is not liable for any monetary transaction between you and the Agent.",6PDHB,15-Feb-26,24-Apr-26,https://www.propertypro.ng/property/3-bedroom-house-for-sale-life-camp-extention-life-camp-abuja-6PDHB
Exquisite Beautiful 4 Bedroom Terraced Duplex With Bq,230000000,sale,Life-Camp,Life-Camp,Life Camp Abuja,4,4,5,Terraced Duplex,"Safety TipsDo not make any inspection fee without seeing the agent and property.Only pay Rental fee, Sales fee or any upfront payment after you verify the Landlord.Ensure you meet the Agent in an open location.The Agent does not represent PropertyPro and PropertyPro is not liable for any monetary transaction between you and the Agent.",9PBRS,30-Jan-26,24-Apr-26,https://www.propertypro.ng/property/4-bedroom-house-for-sale-life-camp-abuja-9PBRS
Newly Built 5 Bedroom Detached Duplex With Bq,580000000,sale,Life-Camp,Life-Camp,Life Camp Abuja,5,5,6,Detached Duplex,"Safety TipsDo not make any inspection fee without seeing the agent and property.Only pay Rental fee, Sales fee or any upfront payment after you verify the Landlord.Ensure you meet the Agent in an open location.The Agent does not represent PropertyPro and PropertyPro is not liable for any monetary transaction between you and the Agent.",9PJPG,01-Apr-26,24-Apr-26,https://www.propertypro.ng/property/5-bedroom-house-for-sale-life-camp-abuja-9PJPG
Gated And Beautiful Spacious 4bedroom Terrace With Bq,260000000,sale,Life-Camp,Life-Camp,Life Camp Life Camp Abuja,4,5,5,House,"Safety TipsDo not make any inspection fee without seeing the agent and property.Only pay Rental fee, Sales fee or any upfront payment after you verify the Landlord.Ensure you meet the Agent in an open location.The Agent does not represent PropertyPro and PropertyPro is not liable for any monetary transaction between you and the Agent.",1PLAM,15-Apr-26,24-Apr-26,https://www.propertypro.ng/property/4-bedroom-house-for-sale-life-camp-life-camp-abuja-1PLAM
Beautiful 4 Bedroom Bungalow With Bq,270000000,sale,Life-Camp,Life-Camp,Life Camp Abuja,4,4,5,Bungalow,"Safety TipsDo not make any inspection fee without seeing the agent and property.Only pay Rental fee, Sales fee or any upfront payment after you verify the Landlord.Ensure you meet the Agent in an open location.The Agent does not represent PropertyPro and PropertyPro is not liable for any monetary transaction between you and the Agent.",6NVZQ,28-Nov-25,24-Apr-26,https://www.propertypro.ng/property/4-bedroom-house-for-sale-life-camp-abuja-6NVZQ
Spacious 4 Bedroom Terraced Duplex With Bq,195000000,sale,Life-Camp,Life-Camp,Life Camp Abuja,4,4,5,Terraced Duplex,"Safety TipsDo not make any inspection fee without seeing the agent and property.Only pay Rental fee, Sales fee or any upfront payment after you verify the Landlord.Ensure you meet the Agent in an open location.The Agent does not represent PropertyPro and PropertyPro is not liable for any monetary transaction between you and the Agent.",5PBMN,29-Jan-26,24-Apr-26,https://www.propertypro.ng/property/4-bedroom-house-for-sale-life-camp-abuja-5PBMN
4 Bedroom Detached Duplex With Bq,260000000,sale,Life-Camp,Life-Camp,Life Camp Abuja,4,4,5,Detached Duplex,"Safety TipsDo not make any inspection fee without seeing the agent and property.Only pay Rental fee, Sales fee or any upfront payment after you verify the Landlord.Ensure you meet the Agent in an open location.The Agent does not represent PropertyPro and PropertyPro is not liable for any monetary transaction between you and the Agent.",6NVER,21-Nov-25,24-Apr-26,https://www.propertypro.ng/property/4-bedroom-house-for-sale-life-camp-abuja-6NVER
Newly Built 4 Bedroom Detached Bungalow With Bq,285000000,sale,Life-Camp,Life-Camp,Life Camp Abuja,4,4,5,Bungalow,"Safety TipsDo not make any inspection fee without seeing the agent and property.Only pay Rental fee, Sales fee or any upfront payment after you verify the Landlord.Ensure you meet the Agent in an open location.The Agent does not represent PropertyPro and PropertyPro is not liable for any monetary transaction between you and the Agent.",1NWTK,06-Dec-25,24-Apr-26,https://www.propertypro.ng/property/4-bedroom-house-for-sale-life-camp-abuja-1NWTK
Beautiful And Clean 2bedroom Apartment,130000000,sale,Life-Camp,Life-Camp,Life Camp Suitable For Nbnb Life Camp Abuja,2,2,3,Flat/Apartment,"Safety TipsDo not make any inspection fee without seeing the agent and property.Only pay Rental fee, Sales fee or any upfront payment after you verify the Landlord.Ensure you meet the Agent in an open location.The Agent does not represent PropertyPro and PropertyPro is not liable for any monetary transaction between you and the Agent.",0PLAL,15-Apr-26,24-Apr-26,https://www.propertypro.ng/property/2-bedroom-house-for-sale-life-camp-suitable-for-nbnb-life-camp-abuja-0PLAL
Newly Built 4 Bedroom With A Bq,250000000,sale,Life-Camp,Life-Camp,By Godab Estate Life Camp Abuja,4,4,5,House,"Safety TipsDo not make any inspection fee without seeing the agent and property.Only pay Rental fee, Sales fee or any upfront payment after you verify the Landlord.Ensure you meet the Agent in an open location.The Agent does not represent PropertyPro and PropertyPro is not liable for any monetary transaction between you and the Agent.",2PLDA,16-Apr-26,24-Apr-26,https://www.propertypro.ng/property/4-bedroom-house-for-sale-by-godab-estate-life-camp-abuja-2PLDA
Newly Built 4 Bedroom Terrace Duplex,210000000,sale,Life-Camp,Life-Camp,Life Camp Abuja,4,4,5,Terraced Duplex,"Safety TipsDo not make any inspection fee without seeing the agent and property.Only pay Rental fee, Sales fee or any upfront payment after you verify the Landlord.Ensure you meet the Agent in an open location.The Agent does not represent PropertyPro and PropertyPro is not liable for any monetary transaction between you and the Agent.",1PHKS,22-Mar-26,24-Apr-26,https://www.propertypro.ng/property/4-bedroom-house-for-sale-life-camp-abuja-1PHKS
Spacious 2 Bedroom Flat,60000000,sale,Life-Camp,Life-Camp,Paradise Estate Phase 2 Life Camp Abuja,2,3,,Flat/Apartment,"Safety TipsDo not make any inspection fee without seeing the agent and property.Only pay Rental fee, Sales fee or any upfront payment after you verify the Landlord.Ensure you meet the Agent in an open location.The Agent does not represent PropertyPro and PropertyPro is not liable for any monetary transaction between you and the Agent.",5PJWP,04-Apr-26,24-Apr-26,https://www.propertypro.ng/property/2-bedroom-flat-apartment-for-sale-paradise-estate-phase-2-life-camp-abuja-5PJWP
Newly Built 3 Bedroom Flat With Bq,130000000,sale,Life-Camp,Life-Camp,Life Camp Abuja,3,3,4,Flat/Apartment,"Safety TipsDo not make any inspection fee without seeing the agent and property.Only pay Rental fee, Sales fee or any upfront payment after you verify the Landlord.Ensure you meet the Agent in an open location.The Agent does not represent PropertyPro and PropertyPro is not liable for any monetary transaction between you and the Agent.",8PCHA,06-Feb-26,24-Apr-26,https://www.propertypro.ng/property/3-bedroom-flat-apartment-for-sale-life-camp-abuja-8PCHA
Newly Built 2 Bedroom Apartment,125000000,sale,Life-Camp,Life-Camp,Close To Berger Yard Life Camp Abuja,2,2,3,Flat/Apartment,"Safety TipsDo not make any inspection fee without seeing the agent and property.Only pay Rental fee, Sales fee or any upfront payment after you verify the Landlord.Ensure you meet the Agent in an open location.The Agent does not represent PropertyPro and PropertyPro is not liable for any monetary transaction between you and the Agent.",9PJQK,01-Apr-26,24-Apr-26,https://www.propertypro.ng/property/2-bedroom-flat-apartment-for-sale-close-to-berger-yard-life-camp-abuja-9PJQK
4 Bedroom Terrace Duplex,230000000,sale,Life-Camp,Life-Camp,Close To Stella Marris School Life Camp Abuja,4,4,5,Terraced Duplex,"Safety TipsDo not make any inspection fee without seeing the agent and property.Only pay Rental fee, Sales fee or any upfront payment after you verify the Landlord.Ensure you meet the Agent in an open location.The Agent does not represent PropertyPro and PropertyPro is not liable for any monetary transaction between you and the Agent.",1NYVE,04-Jan-26,24-Apr-26,https://www.propertypro.ng/property/4-bedroom-house-for-sale-close-to-stella-marris-school-life-camp-abuja-1NYVE
4 Bedroom Terraced Duplex With Bq,250000000,sale,Life-Camp,Life-Camp,"Berger Clinic Axis, Life Camp Abuja",4,5,6,Terraced Duplex,"Safety TipsDo not make any inspection fee without seeing the agent and property.Only pay Rental fee, Sales fee or any upfront payment after you verify the Landlord.Ensure you meet the Agent in an open location.The Agent does not represent PropertyPro and PropertyPro is not liable for any monetary transaction between you and the Agent.",8PEZE,28-Feb-26,24-Apr-26,https://www.propertypro.ng/property/4-bedroom-house-for-sale-berger-clinic-axis-life-camp-abuja-8PEZE
Newly Built 4bedroom Terrace With Bq,400000000,sale,Apo,Apo,Apo Legislative (national Assembly Quarters) Apo Abuja,4,4,5,House,"Safety TipsDo not make any inspection fee without seeing the agent and property.Only pay Rental fee, Sales fee or any upfront payment after you verify the Landlord.Ensure you meet the Agent in an open location.The Agent does not represent PropertyPro and PropertyPro is not liable for any monetary transaction between you and the Agent.",0PLDF,16-Apr-26,24-Apr-26,https://www.propertypro.ng/property/4-bedroom-house-for-sale-apo-legislative-national-assembly-quarters-apo-abuja-0PLDF
Newly Built 1 Bedroom Flat,65000000,sale,Apo,Apo,By Ceder Crest Hospital Apo Abuja,1,1,2,Flat/Apartment,"Safety TipsDo not make any inspection fee without seeing the agent and property.Only pay Rental fee, Sales fee or any upfront payment after you verify the Landlord.Ensure you meet the Agent in an open location.The Agent does not represent PropertyPro and PropertyPro is not liable for any monetary transaction between you and the Agent.",9PAPB,21-Jan-26,24-Apr-26,https://www.propertypro.ng/property/1-bedroom-flat-apartment-for-sale-by-ceder-crest-hospital-apo-abuja-9PAPB
5 Bedroom With Swimming Pool,580000000,sale,Apo,Apo,Apo Resettlement Apo Abuja,5,5,6,House,"Safety TipsDo not make any inspection fee without seeing the agent and property.Only pay Rental fee, Sales fee or any upfront payment after you verify the Landlord.Ensure you meet the Agent in an open location.The Agent does not represent PropertyPro and PropertyPro is not liable for any monetary transaction between you and the Agent.",1PLJX,18-Apr-26,24-Apr-26,https://www.propertypro.ng/property/5-bedroom-house-for-sale-apo-resettlement-apo-abuja-1PLJX
Newly Built 4 Bedroom Terraced Duplex With Bq,245000000,sale,Apo,Apo,Gudu Apo Abuja,4,4,5,Terraced Duplex,"Safety TipsDo not make any inspection fee without seeing the agent and property.Only pay Rental fee, Sales fee or any upfront payment after you verify the Landlord.Ensure you meet the Agent in an open location.The Agent does not represent PropertyPro and PropertyPro is not liable for any monetary transaction between you and the Agent.",2NRPA,15-Oct-25,24-Apr-26,https://www.propertypro.ng/property/4-bedroom-house-for-sale-gudu-apo-abuja-2NRPA
4 Bedroom Detached Bungalow With Bq,145000000,sale,Apo,Apo,By Cedar Crest Hospital Apo Abuja,4,4,5,Bungalow,"Safety TipsDo not make any inspection fee without seeing the agent and property.Only pay Rental fee, Sales fee or any upfront payment after you verify the Landlord.Ensure you meet the Agent in an open location.The Agent does not represent PropertyPro and PropertyPro is not liable for any monetary transaction between you and the Agent.",2NYRM,02-Jan-26,24-Apr-26,https://www.propertypro.ng/property/4-bedroom-house-for-sale-by-cedar-crest-hospital-apo-abuja-2NYRM
3 Bedroom Detached Bungalow With Bq,115000000,sale,Apo,Apo,Wumba Apo Abuja,3,3,,Bungalow,"Safety TipsDo not make any inspection fee without seeing the agent and property.Only pay Rental fee, Sales fee or any upfront payment after you verify the Landlord.Ensure you meet the Agent in an open location.The Agent does not represent PropertyPro and PropertyPro is not liable for any monetary transaction between you and the Agent.",7PJAT,27-Mar-26,24-Apr-26,https://www.propertypro.ng/property/3-bedroom-house-for-sale-wumba-apo-abuja-7PJAT
4 Bedroom Semi Detached Duplex With Bq,250000000,sale,Apo,Apo,Apo Abuja,4,4,,Semi-Detached Duplex,"Safety TipsDo not make any inspection fee without seeing the agent and property.Only pay Rental fee, Sales fee or any upfront payment after you verify the Landlord.Ensure you meet the Agent in an open location.The Agent does not represent PropertyPro and PropertyPro is not liable for any monetary transaction between you and the Agent.",1PJAS,27-Mar-26,24-Apr-26,https://www.propertypro.ng/property/4-bedroom-house-for-sale-apo-abuja-1PJAS
4 Bedroom Terrace Duplex With Bq,300000000,sale,Apo,Apo,Apo Abuja,4,4,,Terraced Duplex,"Safety TipsDo not make any inspection fee without seeing the agent and property.Only pay Rental fee, Sales fee or any upfront payment after you verify the Landlord.Ensure you meet the Agent in an open location.The Agent does not represent PropertyPro and PropertyPro is not liable for any monetary transaction between you and the Agent.",2PJGX,30-Mar-26,24-Apr-26,https://www.propertypro.ng/property/4-bedroom-house-for-sale-apo-abuja-2PJGX
Newly Built 5 Bedroom,220000000,sale,Apo,Apo,Larinx Home Close To Chris Land School Apo Abuja,5,5,6,House,"Safety TipsDo not make any inspection fee without seeing the agent and property.Only pay Rental fee, Sales fee or any upfront payment after you verify the Landlord.Ensure you meet the Agent in an open location.The Agent does not represent PropertyPro and PropertyPro is not liable for any monetary transaction between you and the Agent.",1PLUX,22-Apr-26,24-Apr-26,https://www.propertypro.ng/property/5-bedroom-house-for-sale-larinx-home-close-to-chris-land-school-apo-abuja-1PLUX
3 Bedroom Fully Detached Bungalow With Boys Quarters,170000000,sale,Apo,Apo,"Estate By Ceder Crest Hospital, Apo Abuja",3,3,4,Bungalow,"Safety TipsDo not make any inspection fee without seeing the agent and property.Only pay Rental fee, Sales fee or any upfront payment after you verify the Landlord.Ensure you meet the Agent in an open location.The Agent does not represent PropertyPro and PropertyPro is not liable for any monetary transaction between you and the Agent.",8NMAD,02-Sep-25,24-Apr-26,https://www.propertypro.ng/property/3-bedroom-house-for-sale-estate-by-ceder-crest-hospital-apo-abuja-8NMAD
Newly Built 3 Bedroom Flat With Bq,170000000,sale,Apo,Apo,Not Far From Gudu Junction Apo Abuja,3,3,4,Flat/Apartment,"Safety TipsDo not make any inspection fee without seeing the agent and property.Only pay Rental fee, Sales fee or any upfront payment after you verify the Landlord.Ensure you meet the Agent in an open location.The Agent does not represent PropertyPro and PropertyPro is not liable for any monetary transaction between you and the Agent.",8NPFZ,24-Sep-25,24-Apr-26,https://www.propertypro.ng/property/3-bedroom-flat-apartment-for-sale-not-far-from-gudu-junction-apo-abuja-8NPFZ
3 Bedroom Semi Detached Duplex With A Bq,160000000,sale,Apo,Apo,Rockvale Manor Estate Apo Abuja,3,3,4,Semi-Detached Duplex,"Safety TipsDo not make any inspection fee without seeing the agent and property.Only pay Rental fee, Sales fee or any upfront payment after you verify the Landlord.Ensure you meet the Agent in an open location.The Agent does not represent PropertyPro and PropertyPro is not liable for any monetary transaction between you and the Agent.",2NNSA,17-Sep-25,24-Apr-26,https://www.propertypro.ng/property/3-bedroom-house-for-sale-rockvale-manor-estate-apo-abuja-2NNSA
5 Bedroom Duplex With A Bq,490000000,sale,Apo,Apo,Apo Resettlement Apo Abuja,5,5,6,Detached Duplex,"Safety TipsDo not make any inspection fee without seeing the agent and property.Only pay Rental fee, Sales fee or any upfront payment after you verify the Landlord.Ensure you meet the Agent in an open location.The Agent does not represent PropertyPro and PropertyPro is not liable for any monetary transaction between you and the Agent.",9NCPM,20-Jun-25,24-Apr-26,https://www.propertypro.ng/property/5-bedroom-house-for-sale-apo-resettlement-apo-abuja-9NCPM
3 Bedroom Flat,80000000,sale,Apo,Apo,"In An Estate At Apo/wumba, Apo Abuja",3,3,4,Flat/Apartment,"Safety TipsDo not make any inspection fee without seeing the agent and property.Only pay Rental fee, Sales fee or any upfront payment after you verify the Landlord.Ensure you meet the Agent in an open location.The Agent does not represent PropertyPro and PropertyPro is not liable for any monetary transaction between you and the Agent.",3NKJZ,19-Aug-25,24-Apr-26,https://www.propertypro.ng/property/3-bedroom-flat-apartment-for-sale-in-an-estate-at-apo-wumba-apo-abuja-3NKJZ
Newly Built 4 Bedroom Detached Duplex With A Bq,300000000,sale,Apo,Apo,"Apo Resettlement By The New Express, Apo Abuja",4,4,5,Detached Duplex,"Safety TipsDo not make any inspection fee without seeing the agent and property.Only pay Rental fee, Sales fee or any upfront payment after you verify the Landlord.Ensure you meet the Agent in an open location.The Agent does not represent PropertyPro and PropertyPro is not liable for any monetary transaction between you and the Agent.",7PAAN,16-Jan-26,24-Apr-26,https://www.propertypro.ng/property/4-bedroom-house-for-sale-apo-resettlement-by-the-new-express-apo-abuja-7PAAN
4 Bedroom Terraced Duplex With A Bq,300000000,sale,Apo,Apo,Apo Abuja,4,4,4,Terraced Duplex,"Safety TipsDo not make any inspection fee without seeing the agent and property.Only pay Rental fee, Sales fee or any upfront payment after you verify the Landlord.Ensure you meet the Agent in an open location.The Agent does not represent PropertyPro and PropertyPro is not liable for any monetary transaction between you and the Agent.",8PFGZ,03-Mar-26,24-Apr-26,https://www.propertypro.ng/property/4-bedroom-house-for-sale-apo-abuja-8PFGZ
A Newly Built 4 Bedroom Detached Duplex With A Bq,300000000,sale,Karsana,Karsana,Karsana Abuja,4,4,5,Detached Duplex,"Safety TipsDo not make any inspection fee without seeing the agent and property.Only pay Rental fee, Sales fee or any upfront payment after you verify the Landlord.Ensure you meet the Agent in an open location.The Agent does not represent PropertyPro and PropertyPro is not liable for any monetary transaction between you and the Agent.",0PLZZ,23-Apr-26,26-Apr-26,https://www.propertypro.ng/property/4-bedroom-house-for-sale-karsana-abuja-0PLZZ
Newly Built 1 Bedroom Bungalow With Bq,175000000,sale,Karsana,Karsana,Efab Verizon Karsana West Karsana Abuja,3,3,4,Bungalow,"Safety TipsDo not make any inspection fee without seeing the agent and property.Only pay Rental fee, Sales fee or any upfront payment after you verify the Landlord.Ensure you meet the Agent in an open location.The Agent does not represent PropertyPro and PropertyPro is not liable for any monetary transaction between you and the Agent.",9PFBP,01-Mar-26,24-Apr-26,https://www.propertypro.ng/property/3-bedroom-house-for-sale-efab-verizon-karsana-west-karsana-abuja-9PFBP
Beautiful And Newly 6bedroom Detached Duplex,370000000,sale,Karsana,Karsana,In An Estate Gwarimpa Extension Karsana Abuja,6,6,7,Detached Duplex,"Safety TipsDo not make any inspection fee without seeing the agent and property.Only pay Rental fee, Sales fee or any upfront payment after you verify the Landlord.Ensure you meet the Agent in an open location.The Agent does not represent PropertyPro and PropertyPro is not liable for any monetary transaction between you and the Agent.",2PLMB,19-Apr-26,24-Apr-26,https://www.propertypro.ng/property/6-bedroom-house-for-sale-in-an-estate-gwarimpa-extension-karsana-abuja-2PLMB
2 Bedroom Flat,670000000,sale,Karsana,Karsana,Efab Metropolis Estate Karsana District Karsana Abuja,5,5,5,Flat/Apartment,"Safety TipsDo not make any inspection fee without seeing the agent and property.Only pay Rental fee, Sales fee or any upfront payment after you verify the Landlord.Ensure you meet the Agent in an open location.The Agent does not represent PropertyPro and PropertyPro is not liable for any monetary transaction between you and the Agent.",9NWAZ,29-Nov-25,24-Apr-26,https://www.propertypro.ng/property/5-bedroom-house-for-sale-efab-metropolis-estate-karsana-district-karsana-abuja-9NWAZ
Distress New 5 Bedroom Detached Duplex With Bq,330000000,sale,Karsana,Karsana,"Karsana Efab Metropolis, Karsana Abuja",5,5,6,Detached Duplex,"Safety TipsDo not make any inspection fee without seeing the agent and property.Only pay Rental fee, Sales fee or any upfront payment after you verify the Landlord.Ensure you meet the Agent in an open location.The Agent does not represent PropertyPro and PropertyPro is not liable for any monetary transaction between you and the Agent.",0PERF,25-Feb-26,24-Apr-26,https://www.propertypro.ng/property/5-bedroom-house-for-sale-karsana-efab-metropolis-karsana-abuja-0PERF
Bungalow,260000000,sale,Karsana,Karsana,Efab Queens Karsana Abuja,3,3,4,Bungalow,"Safety TipsDo not make any inspection fee without seeing the agent and property.Only pay Rental fee, Sales fee or any upfront payment after you verify the Landlord.Ensure you meet the Agent in an open location.The Agent does not represent PropertyPro and PropertyPro is not liable for any monetary transaction between you and the Agent.",1PFFE,02-Mar-26,24-Apr-26,https://www.propertypro.ng/property/3-bedroom-house-for-sale-efab-queens-karsana-abuja-1PFFE
Spacious 5 Bedroom Detached Duplex With Bq,550000000,sale,Karsana,Karsana,"Karsana Efab Metropolis, Karsana Abuja",5,5,6,Detached Duplex,"Safety TipsDo not make any inspection fee without seeing the agent and property.Only pay Rental fee, Sales fee or any upfront payment after you verify the Landlord.Ensure you meet the Agent in an open location.The Agent does not represent PropertyPro and PropertyPro is not liable for any monetary transaction between you and the Agent.",0PCMU,08-Feb-26,24-Apr-26,https://www.propertypro.ng/property/5-bedroom-house-for-sale-karsana-efab-metropolis-karsana-abuja-0PCMU
3 Bedroom Bungalow With Bq,165000000,sale,Karsana,Karsana,"Efab Verizon,karsana District Karsana Abuja",3,3,4,Bungalow,"Safety TipsDo not make any inspection fee without seeing the agent and property.Only pay Rental fee, Sales fee or any upfront payment after you verify the Landlord.Ensure you meet the Agent in an open location.The Agent does not represent PropertyPro and PropertyPro is not liable for any monetary transaction between you and the Agent.",5NSRU,25-Oct-25,24-Apr-26,https://www.propertypro.ng/property/3-bedroom-house-for-sale-efab-verizonkarsana-district-karsana-abuja-5NSRU
Newly Built 5 Bedroom Detached Duplex With Bq,330000000,sale,Karsana,Karsana,Efab Metropolis Estate Karsana Abuja,5,5,6,Detached Duplex,"Safety TipsDo not make any inspection fee without seeing the agent and property.Only pay Rental fee, Sales fee or any upfront payment after you verify the Landlord.Ensure you meet the Agent in an open location.The Agent does not represent PropertyPro and PropertyPro is not liable for any monetary transaction between you and the Agent.",5PCJG,06-Feb-26,24-Apr-26,https://www.propertypro.ng/property/5-bedroom-house-for-sale-efab-metropolis-estate-karsana-abuja-5PCJG
4 Bedroom Terrace Duplex,120000000,sale,Karsana,Karsana,Karsana Abuja,4,4,5,Terraced Duplex,"Safety TipsDo not make any inspection fee without seeing the agent and property.Only pay Rental fee, Sales fee or any upfront payment after you verify the Landlord.Ensure you meet the Agent in an open location.The Agent does not represent PropertyPro and PropertyPro is not liable for any monetary transaction between you and the Agent.",6PFKJ,04-Mar-26,24-Apr-26,https://www.propertypro.ng/property/4-bedroom-house-for-sale-karsana-abuja-6PFKJ
5 Bedroom Fully Detached Duplex With 2 Bq,220000000,sale,Karsana,Karsana,Karsana Abuja,5,6,6,Detached Duplex,"Safety TipsDo not make any inspection fee without seeing the agent and property.Only pay Rental fee, Sales fee or any upfront payment after you verify the Landlord.Ensure you meet the Agent in an open location.The Agent does not represent PropertyPro and PropertyPro is not liable for any monetary transaction between you and the Agent.",4PFKJ,04-Mar-26,24-Apr-26,https://www.propertypro.ng/property/5-bedroom-house-for-sale-karsana-abuja-4PFKJ
Standard 3 Bedroom Duplex,110000000,sale,Karsana,Karsana,Karsana Abuja,3,3,4,Detached Duplex,"Safety TipsDo not make any inspection fee without seeing the agent and property.Only pay Rental fee, Sales fee or any upfront payment after you verify the Landlord.Ensure you meet the Agent in an open location.The Agent does not represent PropertyPro and PropertyPro is not liable for any monetary transaction between you and the Agent.",5NPXJ,30-Sep-25,24-Apr-26,https://www.propertypro.ng/property/3-bedroom-house-for-sale-karsana-abuja-5NPXJ
5 Bedroom Detached Duplex With Bq,450000000,sale,Karsana,Karsana,Karsana Abuja,5,5,6,Detached Duplex,"Safety TipsDo not make any inspection fee without seeing the agent and property.Only pay Rental fee, Sales fee or any upfront payment after you verify the Landlord.Ensure you meet the Agent in an open location.The Agent does not represent PropertyPro and PropertyPro is not liable for any monetary transaction between you and the Agent.",8NNGP,14-Sep-25,24-Apr-26,https://www.propertypro.ng/property/5-bedroom-house-for-sale-karsana-abuja-8NNGP
Newly Built 5 Bedroom,170000000,sale,Karsana,Karsana,In An Estate Karsana Abuja,5,5,6,House,"Safety TipsDo not make any inspection fee without seeing the agent and property.Only pay Rental fee, Sales fee or any upfront payment after you verify the Landlord.Ensure you meet the Agent in an open location.The Agent does not represent PropertyPro and PropertyPro is not liable for any monetary transaction between you and the Agent.",7PLRA,20-Apr-26,24-Apr-26,https://www.propertypro.ng/property/5-bedroom-house-for-sale-in-an-estate-karsana-abuja-7PLRA
Newly Built 2 Bedroom Flat,50000000,sale,Karsana,Karsana,Opposite Belham Estate Karsana Abuja,2,2,3,Flat/Apartment,"Safety TipsDo not make any inspection fee without seeing the agent and property.Only pay Rental fee, Sales fee or any upfront payment after you verify the Landlord.Ensure you meet the Agent in an open location.The Agent does not represent PropertyPro and PropertyPro is not liable for any monetary transaction between you and the Agent.",5NEJG,04-Jul-25,24-Apr-26,https://www.propertypro.ng/property/2-bedroom-flat-apartment-for-sale-opposite-belham-estate-karsana-abuja-5NEJG
Newly Built 7 Bedroom Detached Apartment,650000000,sale,Karsana,Karsana,Gwarimpa Karsana Abuja,7,6,6,Flat/Apartment,"Safety TipsDo not make any inspection fee without seeing the agent and property.Only pay Rental fee, Sales fee or any upfront payment after you verify the Landlord.Ensure you meet the Agent in an open location.The Agent does not represent PropertyPro and PropertyPro is not liable for any monetary transaction between you and the Agent.",5NLMG,28-Aug-25,24-Apr-26,https://www.propertypro.ng/property/7-bedroom-house-for-sale-gwarimpa-karsana-abuja-5NLMG
4 Bedroom Semi Detached Duplex,200000000,sale,Karsana,Karsana,Karsana Abuja,4,4,,Semi-Detached Duplex,"Safety TipsDo not make any inspection fee without seeing the agent and property.Only pay Rental fee, Sales fee or any upfront payment after you verify the Landlord.Ensure you meet the Agent in an open location.The Agent does not represent PropertyPro and PropertyPro is not liable for any monetary transaction between you and the Agent.",5PFYC,09-Mar-26,24-Apr-26,https://www.propertypro.ng/property/4-bedroom-house-for-sale-karsana-abuja-5PFYC
Very Clean 3 Bedroom,170000000,sale,Lokogoma,Lokogoma,Lokogoma Abuja,3,3,4,House,"Safety TipsDo not make any inspection fee without seeing the agent and property.Only pay Rental fee, Sales fee or any upfront payment after you verify the Landlord.Ensure you meet the Agent in an open location.The Agent does not represent PropertyPro and PropertyPro is not liable for any monetary transaction between you and the Agent.",4PKZP,14-Apr-26,24-Apr-26,https://www.propertypro.ng/property/3-bedroom-house-for-sale-lokogoma-abuja-4PKZP
Newly Built 3 Bedroom With A Bq,120000000,sale,Lokogoma,Lokogoma,Kabusa Garden Estate Lokogoma Abuja,3,3,4,House,"Safety TipsDo not make any inspection fee without seeing the agent and property.Only pay Rental fee, Sales fee or any upfront payment after you verify the Landlord.Ensure you meet the Agent in an open location.The Agent does not represent PropertyPro and PropertyPro is not liable for any monetary transaction between you and the Agent.",2PKBS,06-Apr-26,24-Apr-26,https://www.propertypro.ng/property/3-bedroom-house-for-sale-kabusa-garden-estate-lokogoma-abuja-2PKBS
Newly Built 4 Bedroom Fully Detached Duplex With Bq,400000000,sale,Lokogoma,Lokogoma,Lokogoma Abuja,4,4,5,Detached Duplex,"Safety TipsDo not make any inspection fee without seeing the agent and property.Only pay Rental fee, Sales fee or any upfront payment after you verify the Landlord.Ensure you meet the Agent in an open location.The Agent does not represent PropertyPro and PropertyPro is not liable for any monetary transaction between you and the Agent.",1PFNC,04-Mar-26,24-Apr-26,https://www.propertypro.ng/property/4-bedroom-house-for-sale-lokogoma-abuja-1PFNC
Newly Built 3 Bedroom Flat,110000000,sale,Lokogoma,Lokogoma,Sahara 4 Estate Lokogoma Abuja,3,3,4,Flat/Apartment,"Safety TipsDo not make any inspection fee without seeing the agent and property.Only pay Rental fee, Sales fee or any upfront payment after you verify the Landlord.Ensure you meet the Agent in an open location.The Agent does not represent PropertyPro and PropertyPro is not liable for any monetary transaction between you and the Agent.",9PHCZ,18-Mar-26,24-Apr-26,https://www.propertypro.ng/property/3-bedroom-house-for-sale-sahara-4-estate-lokogoma-abuja-9PHCZ
Newly Built 4 Bedroom Detached Duplex With Bq,300000000,sale,Lokogoma,Lokogoma,Main Lokogoma Abuja,4,4,5,Detached Duplex,"Safety TipsDo not make any inspection fee without seeing the agent and property.Only pay Rental fee, Sales fee or any upfront payment after you verify the Landlord.Ensure you meet the Agent in an open location.The Agent does not represent PropertyPro and PropertyPro is not liable for any monetary transaction between you and the Agent.",9PCYJ,12-Feb-26,24-Apr-26,https://www.propertypro.ng/property/4-bedroom-house-for-sale-main-lokogoma-abuja-9PCYJ
5 Bedroom Detached Duplex With 1 Bq,475000000,sale,Lokogoma,Lokogoma,"Close To Sunnyvale, Lokogoma Abuja",5,5,6,Detached Duplex,"Safety TipsDo not make any inspection fee without seeing the agent and property.Only pay Rental fee, Sales fee or any upfront payment after you verify the Landlord.Ensure you meet the Agent in an open location.The Agent does not represent PropertyPro and PropertyPro is not liable for any monetary transaction between you and the Agent.",4NYZM,06-Jan-26,24-Apr-26,https://www.propertypro.ng/property/5-bedroom-house-for-sale-close-to-sunnyvale-lokogoma-abuja-4NYZM
Luxurious 4bedroom Detached Duplex With 2bq,250000000,sale,Lokogoma,Lokogoma,Main Lokogoma Abuja,4,4,5,Detached Duplex,"Safety TipsDo not make any inspection fee without seeing the agent and property.Only pay Rental fee, Sales fee or any upfront payment after you verify the Landlord.Ensure you meet the Agent in an open location.The Agent does not represent PropertyPro and PropertyPro is not liable for any monetary transaction between you and the Agent.",1PJSH,02-Apr-26,24-Apr-26,https://www.propertypro.ng/property/4-bedroom-house-for-sale-main-lokogoma-abuja-1PJSH
4 Bedroom Detached Bungalow + 2 Bedroom Bungalow Bq,240000000,sale,Lokogoma,Lokogoma,Close To Ebeano Suppermarket Lokogoma Abuja,4,4,5,Bungalow,"Safety TipsDo not make any inspection fee without seeing the agent and property.Only pay Rental fee, Sales fee or any upfront payment after you verify the Landlord.Ensure you meet the Agent in an open location.The Agent does not represent PropertyPro and PropertyPro is not liable for any monetary transaction between you and the Agent.",8NUEX,11-Nov-25,24-Apr-26,https://www.propertypro.ng/property/4-bedroom-house-for-sale-close-to-ebeano-suppermarket-lokogoma-abuja-8NUEX
4 Bedroom Detached Duplex With Bq,350000000,sale,Lokogoma,Lokogoma,Lokogoma Abuja,4,4,,Detached Duplex,"Safety TipsDo not make any inspection fee without seeing the agent and property.Only pay Rental fee, Sales fee or any upfront payment after you verify the Landlord.Ensure you meet the Agent in an open location.The Agent does not represent PropertyPro and PropertyPro is not liable for any monetary transaction between you and the Agent.",0PJAV,27-Mar-26,24-Apr-26,https://www.propertypro.ng/property/4-bedroom-house-for-sale-lokogoma-abuja-0PJAV
Exquisitely Built 4 Bedroom Detached Duplex,200000000,sale,Lokogoma,Lokogoma,Lokogoma Abuja,4,4,5,Detached Duplex,"Safety TipsDo not make any inspection fee without seeing the agent and property.Only pay Rental fee, Sales fee or any upfront payment after you verify the Landlord.Ensure you meet the Agent in an open location.The Agent does not represent PropertyPro and PropertyPro is not liable for any monetary transaction between you and the Agent.",0PMBT,24-Apr-26,25-Apr-26,https://www.propertypro.ng/property/4-bedroom-house-for-sale-lokogoma-abuja-0PMBT
3 Bedroom Flat,150000000,sale,Lokogoma,Lokogoma,Along Sunnyvale Estate Road Lokogoma Abuja,3,3,4,Flat/Apartment,"Safety TipsDo not make any inspection fee without seeing the agent and property.Only pay Rental fee, Sales fee or any upfront payment after you verify the Landlord.Ensure you meet the Agent in an open location.The Agent does not represent PropertyPro and PropertyPro is not liable for any monetary transaction between you and the Agent.",8NJDB,06-Aug-25,24-Apr-26,https://www.propertypro.ng/property/3-bedroom-house-for-sale-along-sunnyvale-estate-road-lokogoma-abuja-8NJDB
4 Bedroom Semi Detached Flat With Maid Room,210000000,sale,Lokogoma,Lokogoma,"Nelocap Estate, Lokogoma Abuja",4,4,5,Flat/Apartment,"Safety TipsDo not make any inspection fee without seeing the agent and property.Only pay Rental fee, Sales fee or any upfront payment after you verify the Landlord.Ensure you meet the Agent in an open location.The Agent does not represent PropertyPro and PropertyPro is not liable for any monetary transaction between you and the Agent.",6NLUB,31-Aug-25,24-Apr-26,https://www.propertypro.ng/property/4-bedroom-house-for-sale-nelocap-estate-lokogoma-abuja-6NLUB
Standard 4 Bedroom Semi Detached Duplex With Bq,180000000,sale,Lokogoma,Lokogoma,"Close To Sunnyvale Estate, Lokogoma Abuja",4,4,5,Semi-Detached Duplex,"Safety TipsDo not make any inspection fee without seeing the agent and property.Only pay Rental fee, Sales fee or any upfront payment after you verify the Landlord.Ensure you meet the Agent in an open location.The Agent does not represent PropertyPro and PropertyPro is not liable for any monetary transaction between you and the Agent.",2NQQB,06-Oct-25,24-Apr-26,https://www.propertypro.ng/property/4-bedroom-house-for-sale-close-to-sunnyvale-estate-lokogoma-abuja-2NQQB
3 Bedroom Bungalow,100000000,sale,Lokogoma,Lokogoma,"Very Close To Sunnyvale Estate, Lokogoma Abuja",3,3,4,Bungalow,"Safety TipsDo not make any inspection fee without seeing the agent and property.Only pay Rental fee, Sales fee or any upfront payment after you verify the Landlord.Ensure you meet the Agent in an open location.The Agent does not represent PropertyPro and PropertyPro is not liable for any monetary transaction between you and the Agent.",2NTEF,30-Oct-25,24-Apr-26,https://www.propertypro.ng/property/3-bedroom-house-for-sale-very-close-to-sunnyvale-estate-lokogoma-abuja-2NTEF
Newly Built 3 Bedroom,110000000,sale,Lokogoma,Lokogoma,Close To Sahara 4 Estate Lokogoma Abuja,3,3,4,House,"Safety TipsDo not make any inspection fee without seeing the agent and property.Only pay Rental fee, Sales fee or any upfront payment after you verify the Landlord.Ensure you meet the Agent in an open location.The Agent does not represent PropertyPro and PropertyPro is not liable for any monetary transaction between you and the Agent.",1PKHP,09-Apr-26,24-Apr-26,https://www.propertypro.ng/property/3-bedroom-house-for-sale-close-to-sahara-4-estate-lokogoma-abuja-1PKHP
Newly Built 3 Bedroom Flat,65000000,sale,Lokogoma,Lokogoma,Lokogoma Abuja,3,3,4,Flat/Apartment,"Safety TipsDo not make any inspection fee without seeing the agent and property.Only pay Rental fee, Sales fee or any upfront payment after you verify the Landlord.Ensure you meet the Agent in an open location.The Agent does not represent PropertyPro and PropertyPro is not liable for any monetary transaction between you and the Agent.",0NBZB,16-Jun-25,24-Apr-26,https://www.propertypro.ng/property/3-bedroom-flat-apartment-for-sale-lokogoma-abuja-0NBZB
3 Bedroom Flat,60000000,sale,Lokogoma,Lokogoma,Grenadine Estate Close To Ipent 3 Lokogoma Abuja,3,3,4,Flat/Apartment,"Safety TipsDo not make any inspection fee without seeing the agent and property.Only pay Rental fee, Sales fee or any upfront payment after you verify the Landlord.Ensure you meet the Agent in an open location.The Agent does not represent PropertyPro and PropertyPro is not liable for any monetary transaction between you and the Agent.",3NCFC,18-Jun-25,24-Apr-26,https://www.propertypro.ng/property/3-bedroom-flat-apartment-for-sale-grenadine-estate-close-to-ipent-3-lokogoma-abuja-3NCFC
Newly Built 2 Bedroom Duplex,95000000,sale,Lokogoma,Lokogoma,By Urban Shelter Lokogoma Abuja,2,2,3,Detached Duplex,"Safety TipsDo not make any inspection fee without seeing the agent and property.Only pay Rental fee, Sales fee or any upfront payment after you verify the Landlord.Ensure you meet the Agent in an open location.The Agent does not represent PropertyPro and PropertyPro is not liable for any monetary transaction between you and the Agent.",5NZUV,14-Jan-26,24-Apr-26,https://www.propertypro.ng/property/2-bedroom-house-for-sale-by-urban-shelter-lokogoma-abuja-5NZUV
4 Bedroom Detached Duplex,235000000,sale,Lokogoma,Lokogoma,Close To Ipent 3 Lokogoma Abuja,4,4,5,Detached Duplex,"Safety TipsDo not make any inspection fee without seeing the agent and property.Only pay Rental fee, Sales fee or any upfront payment after you verify the Landlord.Ensure you meet the Agent in an open location.The Agent does not represent PropertyPro and PropertyPro is not liable for any monetary transaction between you and the Agent.",0NLME,28-Aug-25,24-Apr-26,https://www.propertypro.ng/property/4-bedroom-house-for-sale-close-to-ipent-3-lokogoma-abuja-0NLME
3 Bedroom Bungalow With Boys Quarters,180000000,sale,Lokogoma,Lokogoma,"An Estate Opposite Sunnyvale Estate, Lokogoma Abuja",3,3,4,Bungalow,"Safety TipsDo not make any inspection fee without seeing the agent and property.Only pay Rental fee, Sales fee or any upfront payment after you verify the Landlord.Ensure you meet the Agent in an open location.The Agent does not represent PropertyPro and PropertyPro is not liable for any monetary transaction between you and the Agent.",6NLUL,31-Aug-25,24-Apr-26,https://www.propertypro.ng/property/3-bedroom-house-for-sale-an-estate-opposite-sunnyvale-estate-lokogoma-abuja-6NLUL
Standard 3 Bedroom Flat With A Bq,120000000,sale,Galadimawa,Galadimawa,"Brains And Hammers Estate, Galadimawa Abuja",3,3,4,Flat/Apartment,"Safety TipsDo not make any inspection fee without seeing the agent and property.Only pay Rental fee, Sales fee or any upfront payment after you verify the Landlord.Ensure you meet the Agent in an open location.The Agent does not represent PropertyPro and PropertyPro is not liable for any monetary transaction between you and the Agent.",3PCDY,05-Feb-26,24-Apr-26,https://www.propertypro.ng/property/3-bedroom-flat-apartment-for-sale-brains-and-hammers-estate-galadimawa-abuja-3PCDY
Luxurious 4 Bedroom Detached Duplex With Bq/pool,480000000,sale,Galadimawa,Galadimawa,"Close To Sunnyvale Estate, Galadimawa Abuja",5,5,6,Detached Duplex,"Safety TipsDo not make any inspection fee without seeing the agent and property.Only pay Rental fee, Sales fee or any upfront payment after you verify the Landlord.Ensure you meet the Agent in an open location.The Agent does not represent PropertyPro and PropertyPro is not liable for any monetary transaction between you and the Agent.",3NRPC,15-Oct-25,24-Apr-26,https://www.propertypro.ng/property/5-bedroom-house-for-sale-close-to-sunnyvale-estate-galadimawa-abuja-3NRPC
Luxurious 4bedroom Detached Duplex +2rooms Bq,295000000,sale,Galadimawa,Galadimawa,Gadimawa Galadimawa Abuja,4,5,6,Detached Duplex,"Safety TipsDo not make any inspection fee without seeing the agent and property.Only pay Rental fee, Sales fee or any upfront payment after you verify the Landlord.Ensure you meet the Agent in an open location.The Agent does not represent PropertyPro and PropertyPro is not liable for any monetary transaction between you and the Agent.",8PJSG,02-Apr-26,24-Apr-26,https://www.propertypro.ng/property/4-bedroom-house-for-sale-gadimawa-galadimawa-abuja-8PJSG
Standard 3 Bedroom Penthouse,150000000,sale,Galadimawa,Galadimawa,"Close To Standard Estate, Galadimawa Abuja",3,3,4,House,"Safety TipsDo not make any inspection fee without seeing the agent and property.Only pay Rental fee, Sales fee or any upfront payment after you verify the Landlord.Ensure you meet the Agent in an open location.The Agent does not represent PropertyPro and PropertyPro is not liable for any monetary transaction between you and the Agent.",6PFJA,03-Mar-26,24-Apr-26,https://www.propertypro.ng/property/3-bedroom-house-for-sale-close-to-standard-estate-galadimawa-abuja-6PFJA
5 Bedroom Flat With A Bq,370000000,sale,Galadimawa,Galadimawa,Galadimawa Abuja,5,4,6,Flat/Apartment,"Safety TipsDo not make any inspection fee without seeing the agent and property.Only pay Rental fee, Sales fee or any upfront payment after you verify the Landlord.Ensure you meet the Agent in an open location.The Agent does not represent PropertyPro and PropertyPro is not liable for any monetary transaction between you and the Agent.",0NBEK,07-Jun-25,24-Apr-26,https://www.propertypro.ng/property/5-bedroom-house-for-sale-galadimawa-abuja-0NBEK
Newly Built 2 Bedroom Flat,80000000,sale,Galadimawa,Galadimawa,"Close To Brains And Hammers Estate, Galadimawa Abuja",2,2,3,Flat/Apartment,"Safety TipsDo not make any inspection fee without seeing the agent and property.Only pay Rental fee, Sales fee or any upfront payment after you verify the Landlord.Ensure you meet the Agent in an open location.The Agent does not represent PropertyPro and PropertyPro is not liable for any monetary transaction between you and the Agent.",2PEZS,28-Feb-26,24-Apr-26,https://www.propertypro.ng/property/2-bedroom-flat-apartment-for-sale-close-to-brains-and-hammers-estate-galadimawa-abuja-2PEZS
Standard 4 Bedroom Duplex,120000000,sale,Galadimawa,Galadimawa,Brains And Hammers Estate Galadimawa Abuja,4,4,5,Detached Duplex,"Safety TipsDo not make any inspection fee without seeing the agent and property.Only pay Rental fee, Sales fee or any upfront payment after you verify the Landlord.Ensure you meet the Agent in an open location.The Agent does not represent PropertyPro and PropertyPro is not liable for any monetary transaction between you and the Agent.",5NJLW,10-Aug-25,24-Apr-26,https://www.propertypro.ng/property/4-bedroom-house-for-sale-brains-and-hammers-estate-galadimawa-abuja-5NJLW
Newly Built Serviced 3 Bedroom Flat,120000000,sale,Galadimawa,Galadimawa,Tarred Road Galadimawa Abuja,3,3,4,Flat/Apartment,"Safety TipsDo not make any inspection fee without seeing the agent and property.Only pay Rental fee, Sales fee or any upfront payment after you verify the Landlord.Ensure you meet the Agent in an open location.The Agent does not represent PropertyPro and PropertyPro is not liable for any monetary transaction between you and the Agent.",2NKFU,18-Aug-25,24-Apr-26,https://www.propertypro.ng/property/3-bedroom-flat-apartment-for-sale-tarred-road-galadimawa-abuja-2NKFU
Newly Built 5 Bedroom With Bq,260000000,sale,Galadimawa,Galadimawa,In An Estate Galadimawa Abuja,5,5,6,House,"Safety TipsDo not make any inspection fee without seeing the agent and property.Only pay Rental fee, Sales fee or any upfront payment after you verify the Landlord.Ensure you meet the Agent in an open location.The Agent does not represent PropertyPro and PropertyPro is not liable for any monetary transaction between you and the Agent.",9PMAV,24-Apr-26,24-Apr-26,https://www.propertypro.ng/property/5-bedroom-house-for-sale-in-an-estate-galadimawa-abuja-9PMAV
Newly Built 4 Bedroom Detached Duplex With Two Bq,170000000,sale,Galadimawa,Galadimawa,Behind Suncity Estate Galadimawa Abuja,4,4,5,Detached Duplex,"Safety TipsDo not make any inspection fee without seeing the agent and property.Only pay Rental fee, Sales fee or any upfront payment after you verify the Landlord.Ensure you meet the Agent in an open location.The Agent does not represent PropertyPro and PropertyPro is not liable for any monetary transaction between you and the Agent.",5NJKU,10-Aug-25,24-Apr-26,https://www.propertypro.ng/property/4-bedroom-house-for-sale-behind-suncity-estate-galadimawa-abuja-5NJKU
5 Bedroom Duplex With Bq For Sale Near Suncity Estate,250000000,sale,Galadimawa,Galadimawa,"Behind Suncity Estate, Galadimawa Abuja",5,7,7,Detached Duplex,"Safety TipsDo not make any inspection fee without seeing the agent and property.Only pay Rental fee, Sales fee or any upfront payment after you verify the Landlord.Ensure you meet the Agent in an open location.The Agent does not represent PropertyPro and PropertyPro is not liable for any monetary transaction between you and the Agent.",1PHPX,23-Mar-26,24-Apr-26,https://www.propertypro.ng/property/5-bedroom-house-for-sale-behind-suncity-estate-galadimawa-abuja-1PHPX
Carcass 4 Bedroom Duplex With Bq For Sale Near Suncity,180000000,sale,Galadimawa,Galadimawa,"Behind Suncity Estate, Galadimawa Abuja",4,7,7,Detached Duplex,"Safety TipsDo not make any inspection fee without seeing the agent and property.Only pay Rental fee, Sales fee or any upfront payment after you verify the Landlord.Ensure you meet the Agent in an open location.The Agent does not represent PropertyPro and PropertyPro is not liable for any monetary transaction between you and the Agent.",5PHPU,23-Mar-26,24-Apr-26,https://www.propertypro.ng/property/4-bedroom-house-for-sale-behind-suncity-estate-galadimawa-abuja-5PHPU
5 Bedroom Duplex With 2 Bq Rooms For Sale Near Suncity,300000000,sale,Galadimawa,Galadimawa,"Behind Suncity Estate, Galadimawa Abuja",5,7,7,Detached Duplex,"Safety TipsDo not make any inspection fee without seeing the agent and property.Only pay Rental fee, Sales fee or any upfront payment after you verify the Landlord.Ensure you meet the Agent in an open location.The Agent does not represent PropertyPro and PropertyPro is not liable for any monetary transaction between you and the Agent.",7PHPW,23-Mar-26,24-Apr-26,https://www.propertypro.ng/property/5-bedroom-house-for-sale-behind-suncity-estate-galadimawa-abuja-7PHPW
4 Bedroom Semi Detached Duplex,330000000,sale,Galadimawa,Galadimawa,Opposite Suncity Galadimawa Abuja,5,5,6,Semi-Detached Duplex,"Safety TipsDo not make any inspection fee without seeing the agent and property.Only pay Rental fee, Sales fee or any upfront payment after you verify the Landlord.Ensure you meet the Agent in an open location.The Agent does not represent PropertyPro and PropertyPro is not liable for any monetary transaction between you and the Agent.",2NMHY,05-Sep-25,24-Apr-26,https://www.propertypro.ng/property/5-bedroom-house-for-sale-opposite-suncity-galadimawa-abuja-2NMHY
3 Bedrooms Bungalow,170000000,sale,Galadimawa,Galadimawa,Galadimawa Galadimawa Abuja,3,4,4,Bungalow,"Safety TipsDo not make any inspection fee without seeing the agent and property.Only pay Rental fee, Sales fee or any upfront payment after you verify the Landlord.Ensure you meet the Agent in an open location.The Agent does not represent PropertyPro and PropertyPro is not liable for any monetary transaction between you and the Agent.",4PLLC,18-Apr-26,24-Apr-26,https://www.propertypro.ng/property/3-bedroom-house-for-sale-galadimawa-galadimawa-abuja-4PLLC
3 Bedroom Apartment With Bq,125000000,sale,Galadimawa,Galadimawa,Galadimawa Abuja,3,3,,Flat/Apartment,"Safety TipsDo not make any inspection fee without seeing the agent and property.Only pay Rental fee, Sales fee or any upfront payment after you verify the Landlord.Ensure you meet the Agent in an open location.The Agent does not represent PropertyPro and PropertyPro is not liable for any monetary transaction between you and the Agent.",4PCWN,11-Feb-26,24-Apr-26,https://www.propertypro.ng/property/3-bedroom-house-for-sale-galadimawa-abuja-4PCWN
4 Bedroom Semi Detached Duplex With Bq,225000000,sale,Galadimawa,Galadimawa,Galadimawa Abuja,4,4,,Semi-Detached Duplex,"Safety TipsDo not make any inspection fee without seeing the agent and property.Only pay Rental fee, Sales fee or any upfront payment after you verify the Landlord.Ensure you meet the Agent in an open location.The Agent does not represent PropertyPro and PropertyPro is not liable for any monetary transaction between you and the Agent.",0PCWM,11-Feb-26,24-Apr-26,https://www.propertypro.ng/property/4-bedroom-house-for-sale-galadimawa-abuja-0PCWM
4 Bedroom Terrace Duplex With Bq,185000000,sale,Galadimawa,Galadimawa,Galadimawa Abuja,4,4,,Terraced Duplex,"Safety TipsDo not make any inspection fee without seeing the agent and property.Only pay Rental fee, Sales fee or any upfront payment after you verify the Landlord.Ensure you meet the Agent in an open location.The Agent does not represent PropertyPro and PropertyPro is not liable for any monetary transaction between you and the Agent.",6PCWN,11-Feb-26,24-Apr-26,https://www.propertypro.ng/property/4-bedroom-house-for-sale-galadimawa-abuja-6PCWN
5 Bedroom Detached Duplex With Bq,290000000,sale,Galadimawa,Galadimawa,Galadimawa Abuja,5,5,,Detached Duplex,"Safety TipsDo not make any inspection fee without seeing the agent and property.Only pay Rental fee, Sales fee or any upfront payment after you verify the Landlord.Ensure you meet the Agent in an open location.The Agent does not represent PropertyPro and PropertyPro is not liable for any monetary transaction between you and the Agent.",6PCWM,11-Feb-26,24-Apr-26,https://www.propertypro.ng/property/5-bedroom-house-for-sale-galadimawa-abuja-6PCWM
4 Bedroom Terrace Duplex,120000000,sale,Kubwa,Kubwa,Kubwa Abuja,4,4,,Terraced Duplex,"Safety TipsDo not make any inspection fee without seeing the agent and property.Only pay Rental fee, Sales fee or any upfront payment after you verify the Landlord.Ensure you meet the Agent in an open location.The Agent does not represent PropertyPro and PropertyPro is not liable for any monetary transaction between you and the Agent.",4PJAW,27-Mar-26,24-Apr-26,https://www.propertypro.ng/property/4-bedroom-house-for-sale-kubwa-abuja-4PJAW
2 Bedroom Terrace Duplex,85000000,sale,Kubwa,Kubwa,Kubwa Abuja,2,2,,Terraced Duplex,"Safety TipsDo not make any inspection fee without seeing the agent and property.Only pay Rental fee, Sales fee or any upfront payment after you verify the Landlord.Ensure you meet the Agent in an open location.The Agent does not represent PropertyPro and PropertyPro is not liable for any monetary transaction between you and the Agent.",3PJAX,27-Mar-26,24-Apr-26,https://www.propertypro.ng/property/2-bedroom-house-for-sale-kubwa-abuja-3PJAX
3 Bedroom Terrace Duplex,95000000,sale,Kubwa,Kubwa,Kubwa Abuja,3,3,,Terraced Duplex,"Safety TipsDo not make any inspection fee without seeing the agent and property.Only pay Rental fee, Sales fee or any upfront payment after you verify the Landlord.Ensure you meet the Agent in an open location.The Agent does not represent PropertyPro and PropertyPro is not liable for any monetary transaction between you and the Agent.",1PJAX,27-Mar-26,24-Apr-26,https://www.propertypro.ng/property/3-bedroom-house-for-sale-kubwa-abuja-1PJAX
8 Units Of 2 Bedroom Terrace Duplex,75000000,sale,Kubwa,Kubwa,Kubwa Abuja,2,2,,Terraced Duplex,"Safety TipsDo not make any inspection fee without seeing the agent and property.Only pay Rental fee, Sales fee or any upfront payment after you verify the Landlord.Ensure you meet the Agent in an open location.The Agent does not represent PropertyPro and PropertyPro is not liable for any monetary transaction between you and the Agent.",5NNBQ,12-Sep-25,24-Apr-26,https://www.propertypro.ng/property/2-bedroom-house-for-sale-kubwa-abuja-5NNBQ
3 Bedroom Bungalow,85000000,sale,Kubwa,Kubwa,"Kubwa, Abuja Kubwa Abuja",3,4,4,Bungalow,"Safety TipsDo not make any inspection fee without seeing the agent and property.Only pay Rental fee, Sales fee or any upfront payment after you verify the Landlord.Ensure you meet the Agent in an open location.The Agent does not represent PropertyPro and PropertyPro is not liable for any monetary transaction between you and the Agent.",2PHAW,18-Mar-26,24-Apr-26,https://www.propertypro.ng/property/3-bedroom-house-for-sale-kubwa-abuja-kubwa-abuja-2PHAW
Newly Built 4 Bedroom Semi Detached Duplex,120000000,sale,Kubwa,Kubwa,"Estate , F01 Fo1 Layout Kubwa Abuja",4,5,5,Semi-Detached Duplex,"Safety TipsDo not make any inspection fee without seeing the agent and property.Only pay Rental fee, Sales fee or any upfront payment after you verify the Landlord.Ensure you meet the Agent in an open location.The Agent does not represent PropertyPro and PropertyPro is not liable for any monetary transaction between you and the Agent.",8PHXT,26-Mar-26,24-Apr-26,https://www.propertypro.ng/property/4-bedroom-house-for-sale-estate-f01-fo1-layout-kubwa-abuja-8PHXT
4 Units Of Standard 2 Bedroom Block Of Flats,300000000,sale,Kubwa,Kubwa,F01 Fo1 Layout Kubwa Abuja,2,3,3,Flat/Apartment,"Safety TipsDo not make any inspection fee without seeing the agent and property.Only pay Rental fee, Sales fee or any upfront payment after you verify the Landlord.Ensure you meet the Agent in an open location.The Agent does not represent PropertyPro and PropertyPro is not liable for any monetary transaction between you and the Agent.",5PKPE,10-Apr-26,24-Apr-26,https://www.propertypro.ng/property/2-bedroom-house-for-sale-f01-fo1-layout-kubwa-abuja-5PKPE
Newly Built 2 Bedroom Flat,75000000,sale,Kubwa,Kubwa,F01 Tarred Road Kubwa Abuja,2,3,3,Flat/Apartment,"Safety TipsDo not make any inspection fee without seeing the agent and property.Only pay Rental fee, Sales fee or any upfront payment after you verify the Landlord.Ensure you meet the Agent in an open location.The Agent does not represent PropertyPro and PropertyPro is not liable for any monetary transaction between you and the Agent.",2PLEF,16-Apr-26,24-Apr-26,https://www.propertypro.ng/property/2-bedroom-house-for-sale-f01-tarred-road-kubwa-abuja-2PLEF
Newly Built 2 Bedroom Flat,40000000,sale,Kubwa,Kubwa,Estate Kubwa Fo1 Layout Kubwa Abuja,2,3,3,Flat/Apartment,"Safety TipsDo not make any inspection fee without seeing the agent and property.Only pay Rental fee, Sales fee or any upfront payment after you verify the Landlord.Ensure you meet the Agent in an open location.The Agent does not represent PropertyPro and PropertyPro is not liable for any monetary transaction between you and the Agent.",7PJDE,28-Mar-26,24-Apr-26,https://www.propertypro.ng/property/2-bedroom-flat-apartment-for-sale-estate-kubwa-fo1-layout-kubwa-abuja-7PJDE
Blocks Of Flats,180000000,sale,Kubwa,Kubwa,Kubwa Abuja,6,10,10,Flat/Apartment,"Safety TipsDo not make any inspection fee without seeing the agent and property.Only pay Rental fee, Sales fee or any upfront payment after you verify the Landlord.Ensure you meet the Agent in an open location.The Agent does not represent PropertyPro and PropertyPro is not liable for any monetary transaction between you and the Agent.",7PGWU,17-Mar-26,24-Apr-26,https://www.propertypro.ng/property/6-bedroom-house-for-sale-kubwa-abuja-7PGWU
4 Bedroom Flat,130000000,sale,Kubwa,Kubwa,Around Game Village Kubwa Abuja,4,4,5,Flat/Apartment,"Safety TipsDo not make any inspection fee without seeing the agent and property.Only pay Rental fee, Sales fee or any upfront payment after you verify the Landlord.Ensure you meet the Agent in an open location.The Agent does not represent PropertyPro and PropertyPro is not liable for any monetary transaction between you and the Agent.",7NDGX,25-Jun-25,24-Apr-26,https://www.propertypro.ng/property/4-bedroom-house-for-sale-around-game-village-kubwa-abuja-7NDGX
3 Bedrooms Bungalow,40000000,sale,Kubwa,Kubwa,Kagini Opposite Arab Road Kubwa Abuja,3,4,4,Bungalow,"Safety TipsDo not make any inspection fee without seeing the agent and property.Only pay Rental fee, Sales fee or any upfront payment after you verify the Landlord.Ensure you meet the Agent in an open location.The Agent does not represent PropertyPro and PropertyPro is not liable for any monetary transaction between you and the Agent.",3PLLW,19-Apr-26,24-Apr-26,https://www.propertypro.ng/property/3-bedroom-house-for-sale-kagini-opposite-arab-road-kubwa-abuja-3PLLW
2 Bedroom Flat,45000000,sale,Kubwa,Kubwa,Kubwa F01 Kubwa Abuja,2,3,3,Flat/Apartment,"Safety TipsDo not make any inspection fee without seeing the agent and property.Only pay Rental fee, Sales fee or any upfront payment after you verify the Landlord.Ensure you meet the Agent in an open location.The Agent does not represent PropertyPro and PropertyPro is not liable for any monetary transaction between you and the Agent.",9NYCD,22-Dec-25,24-Apr-26,https://www.propertypro.ng/property/2-bedroom-house-for-sale-kubwa-f01-kubwa-abuja-9NYCD
Newly Built And Spacious 3 Bedroom Apartment,125000000,sale,Dawaki,Dawaki,News Engineering Dawaki Dawaki Abuja,3,3,4,Flat/Apartment,"Safety TipsDo not make any inspection fee without seeing the agent and property.Only pay Rental fee, Sales fee or any upfront payment after you verify the Landlord.Ensure you meet the Agent in an open location.The Agent does not represent PropertyPro and PropertyPro is not liable for any monetary transaction between you and the Agent.",4NVJM,22-Nov-25,24-Apr-26,https://www.propertypro.ng/property/3-bedroom-house-for-sale-news-engineering-dawaki-dawaki-abuja-4NVJM
2 Bedroom Apartment,100000000,sale,Dawaki,Dawaki,New Engineering Dawaki Dawaki Abuja,2,2,3,Flat/Apartment,"Safety TipsDo not make any inspection fee without seeing the agent and property.Only pay Rental fee, Sales fee or any upfront payment after you verify the Landlord.Ensure you meet the Agent in an open location.The Agent does not represent PropertyPro and PropertyPro is not liable for any monetary transaction between you and the Agent.",7NVJQ,22-Nov-25,24-Apr-26,https://www.propertypro.ng/property/2-bedroom-house-for-sale-new-engineering-dawaki-dawaki-abuja-7NVJQ
19 Units Of 4 Bedroom Terraced Duplex,280000000,sale,Dawaki,Dawaki,Dawaki Abuja,4,4,5,Terraced Duplex,"Safety TipsDo not make any inspection fee without seeing the agent and property.Only pay Rental fee, Sales fee or any upfront payment after you verify the Landlord.Ensure you meet the Agent in an open location.The Agent does not represent PropertyPro and PropertyPro is not liable for any monetary transaction between you and the Agent.",4NNTT,18-Sep-25,24-Apr-26,https://www.propertypro.ng/property/4-bedroom-house-for-sale-dawaki-abuja-4NNTT
Spacious 2 Bedroom Flat,63000000,sale,Dawaki,Dawaki,"Dawaki Opposite Gwarinpa, Dawaki Abuja",2,3,3,Flat/Apartment,"Safety TipsDo not make any inspection fee without seeing the agent and property.Only pay Rental fee, Sales fee or any upfront payment after you verify the Landlord.Ensure you meet the Agent in an open location.The Agent does not represent PropertyPro and PropertyPro is not liable for any monetary transaction between you and the Agent.",5PHZP,26-Mar-26,24-Apr-26,https://www.propertypro.ng/property/2-bedroom-house-for-sale-dawaki-opposite-gwarinpa-dawaki-abuja-5PHZP
5 Bedrooms Duplex Duplex,140000000,sale,Dawaki,Dawaki,Dawaki Dawaki Abuja,5,6,6,Detached Duplex,"Safety TipsDo not make any inspection fee without seeing the agent and property.Only pay Rental fee, Sales fee or any upfront payment after you verify the Landlord.Ensure you meet the Agent in an open location.The Agent does not represent PropertyPro and PropertyPro is not liable for any monetary transaction between you and the Agent.",2PJSK,02-Apr-26,24-Apr-26,https://www.propertypro.ng/property/5-bedroom-house-for-sale-dawaki-dawaki-abuja-2PJSK
3 Bedroom Apartment,65000000,sale,Dawaki,Dawaki,Dawaki Abuja,3,3,,Flat/Apartment,"Safety TipsDo not make any inspection fee without seeing the agent and property.Only pay Rental fee, Sales fee or any upfront payment after you verify the Landlord.Ensure you meet the Agent in an open location.The Agent does not represent PropertyPro and PropertyPro is not liable for any monetary transaction between you and the Agent.",1PEGS,23-Feb-26,24-Apr-26,https://www.propertypro.ng/property/3-bedroom-flat-apartment-for-sale-dawaki-abuja-1PEGS
5 Bedroom Terrace Duplex,250000000,sale,Dawaki,Dawaki,Dawaki Dawaki Abuja,5,5,,Terraced Duplex,"Safety TipsDo not make any inspection fee without seeing the agent and property.Only pay Rental fee, Sales fee or any upfront payment after you verify the Landlord.Ensure you meet the Agent in an open location.The Agent does not represent PropertyPro and PropertyPro is not liable for any monetary transaction between you and the Agent.",0PFDB,02-Mar-26,24-Apr-26,https://www.propertypro.ng/property/5-bedroom-house-for-sale-dawaki-dawaki-abuja-0PFDB
4 Bedroom Terrace Duplex With Bq,300000000,sale,Dawaki,Dawaki,Dawaki Abuja,4,4,,Terraced Duplex,"Safety TipsDo not make any inspection fee without seeing the agent and property.Only pay Rental fee, Sales fee or any upfront payment after you verify the Landlord.Ensure you meet the Agent in an open location.The Agent does not represent PropertyPro and PropertyPro is not liable for any monetary transaction between you and the Agent.",5PEFV,23-Feb-26,24-Apr-26,https://www.propertypro.ng/property/4-bedroom-house-for-sale-dawaki-abuja-5PEFV
5 Bedroom Fully Detached Duplex Carcass For Sale,140000000,sale,Dawaki,Dawaki,Dawaki Abuja,5,5,5,Detached Duplex,"Safety TipsDo not make any inspection fee without seeing the agent and property.Only pay Rental fee, Sales fee or any upfront payment after you verify the Landlord.Ensure you meet the Agent in an open location.The Agent does not represent PropertyPro and PropertyPro is not liable for any monetary transaction between you and the Agent.",1PJVE,03-Apr-26,24-Apr-26,https://www.propertypro.ng/property/5-bedroom-house-for-sale-dawaki-abuja-1PJVE
Twin 3 Bedroom Semi Detached Duplex,150000000,sale,Dawaki,Dawaki,"Trans Engineering 1 Estate, Dawaki Abuja",3,3,4,Semi-Detached Duplex,"Safety TipsDo not make any inspection fee without seeing the agent and property.Only pay Rental fee, Sales fee or any upfront payment after you verify the Landlord.Ensure you meet the Agent in an open location.The Agent does not represent PropertyPro and PropertyPro is not liable for any monetary transaction between you and the Agent.",5NNFA,14-Sep-25,24-Apr-26,https://www.propertypro.ng/property/3-bedroom-house-for-sale-trans-engineering-1-estate-dawaki-abuja-5NNFA
4 Bedroom Flat,250000000,sale,Dawaki,Dawaki,Dawaki New Engineering Tarred Road Dawaki Abuja,4,5,,Flat/Apartment,"Safety TipsDo not make any inspection fee without seeing the agent and property.Only pay Rental fee, Sales fee or any upfront payment after you verify the Landlord.Ensure you meet the Agent in an open location.The Agent does not represent PropertyPro and PropertyPro is not liable for any monetary transaction between you and the Agent.",3NXZY,21-Dec-25,24-Apr-26,https://www.propertypro.ng/property/4-bedroom-house-for-sale-dawaki-new-engineering-tarred-road-dawaki-abuja-3NXZY
Newly Built 4 Bedroom Terrace Duplex With Bq,250000000,sale,Dawaki,Dawaki,Dawaki Abuja,4,4,5,Terraced Duplex,"Safety TipsDo not make any inspection fee without seeing the agent and property.Only pay Rental fee, Sales fee or any upfront payment after you verify the Landlord.Ensure you meet the Agent in an open location.The Agent does not represent PropertyPro and PropertyPro is not liable for any monetary transaction between you and the Agent.",5NYRG,02-Jan-26,24-Apr-26,https://www.propertypro.ng/property/4-bedroom-house-for-sale-dawaki-abuja-5NYRG
2 Bedroom Apartment,65000000,sale,Dawaki,Dawaki,Dawaki Abuja,2,2,3,Flat/Apartment,"Safety TipsDo not make any inspection fee without seeing the agent and property.Only pay Rental fee, Sales fee or any upfront payment after you verify the Landlord.Ensure you meet the Agent in an open location.The Agent does not represent PropertyPro and PropertyPro is not liable for any monetary transaction between you and the Agent.",0PAZW,24-Jan-26,24-Apr-26,https://www.propertypro.ng/property/2-bedroom-flat-apartment-for-sale-dawaki-abuja-0PAZW
Decent 2 Bedroom Flat,68000000,sale,Dawaki,Dawaki,"Dawaki By Modern Market, Dawaki Abuja",2,2,3,Flat/Apartment,"Safety TipsDo not make any inspection fee without seeing the agent and property.Only pay Rental fee, Sales fee or any upfront payment after you verify the Landlord.Ensure you meet the Agent in an open location.The Agent does not represent PropertyPro and PropertyPro is not liable for any monetary transaction between you and the Agent.",7PEDE,22-Feb-26,24-Apr-26,https://www.propertypro.ng/property/2-bedroom-flat-apartment-for-sale-dawaki-by-modern-market-dawaki-abuja-7PEDE
2 Bedroom Flat,68000000,sale,Dawaki,Dawaki,"By Modern Market, Dawaki Abuja",2,2,3,Flat/Apartment,"Safety TipsDo not make any inspection fee without seeing the agent and property.Only pay Rental fee, Sales fee or any upfront payment after you verify the Landlord.Ensure you meet the Agent in an open location.The Agent does not represent PropertyPro and PropertyPro is not liable for any monetary transaction between you and the Agent.",2PEBW,21-Feb-26,24-Apr-26,https://www.propertypro.ng/property/2-bedroom-flat-apartment-for-sale-by-modern-market-dawaki-abuja-2PEBW
3 Bedroom Bungalow,69000000,sale,Dawaki,Dawaki,"Dawaki By Modern Market, Dawaki, Abuja Dawaki Abuja",3,3,4,Bungalow,"Safety TipsDo not make any inspection fee without seeing the agent and property.Only pay Rental fee, Sales fee or any upfront payment after you verify the Landlord.Ensure you meet the Agent in an open location.The Agent does not represent PropertyPro and PropertyPro is not liable for any monetary transaction between you and the Agent.",8PFTX,06-Mar-26,24-Apr-26,https://www.propertypro.ng/property/3-bedroom-house-for-sale-dawaki-by-modern-market-dawaki-abuja-dawaki-abuja-8PFTX
A Massive 4 Bedroom Duplex With An Attached Bq,250000000,sale,Dawaki,Dawaki,New Engineering Dawaki Abuja,4,4,5,Detached Duplex,"Safety TipsDo not make any inspection fee without seeing the agent and property.Only pay Rental fee, Sales fee or any upfront payment after you verify the Landlord.Ensure you meet the Agent in an open location.The Agent does not represent PropertyPro and PropertyPro is not liable for any monetary transaction between you and the Agent.",8PKNQ,10-Apr-26,24-Apr-26,https://www.propertypro.ng/property/4-bedroom-house-for-sale-new-engineering-dawaki-abuja-8PKNQ
6 Units Of 3 Bedroom Terrace Duplex,400000000,sale,Dawaki,Dawaki,Dawaki Abuja,3,3,4,Terraced Duplex,"Safety TipsDo not make any inspection fee without seeing the agent and property.Only pay Rental fee, Sales fee or any upfront payment after you verify the Landlord.Ensure you meet the Agent in an open location.The Agent does not represent PropertyPro and PropertyPro is not liable for any monetary transaction between you and the Agent.",2NVNA,24-Nov-25,24-Apr-26,https://www.propertypro.ng/property/3-bedroom-house-for-sale-dawaki-abuja-2NVNA
Standard 4 Bedroom With A Bq,330000000,sale,Guzape,Guzape,Guzape Abuja,4,4,5,House,"Safety TipsDo not make any inspection fee without seeing the agent and property.Only pay Rental fee, Sales fee or any upfront payment after you verify the Landlord.Ensure you meet the Agent in an open location.The Agent does not represent PropertyPro and PropertyPro is not liable for any monetary transaction between you and the Agent.",6PLJE,17-Apr-26,24-Apr-26,https://www.propertypro.ng/property/4-bedroom-house-for-sale-guzape-abuja-6PLJE
Luxurious 5 Bedroom Detached Duplex With Bq,2500000000,sale,Guzape,Guzape,"Close To Fairview School, Guzape Abuja",5,5,6,Detached Duplex,"Safety TipsDo not make any inspection fee without seeing the agent and property.Only pay Rental fee, Sales fee or any upfront payment after you verify the Landlord.Ensure you meet the Agent in an open location.The Agent does not represent PropertyPro and PropertyPro is not liable for any monetary transaction between you and the Agent.",8NQML,05-Oct-25,24-Apr-26,https://www.propertypro.ng/property/5-bedroom-house-for-sale-close-to-fairview-school-guzape-abuja-8NQML
5 Bedroom Detached Duplex With Bq,440000000,sale,Guzape,Guzape,Close To Nnpc Guzape Abuja,5,5,6,Detached Duplex,"Safety TipsDo not make any inspection fee without seeing the agent and property.Only pay Rental fee, Sales fee or any upfront payment after you verify the Landlord.Ensure you meet the Agent in an open location.The Agent does not represent PropertyPro and PropertyPro is not liable for any monetary transaction between you and the Agent.",1PDXZ,20-Feb-26,24-Apr-26,https://www.propertypro.ng/property/5-bedroom-house-for-sale-close-to-nnpc-guzape-abuja-1PDXZ
8 Bedroom Detached Duplex With Bq,2500000000,sale,Guzape,Guzape,Close To Nnpc Estate Guzape Abuja,8,8,9,Detached Duplex,"Safety TipsDo not make any inspection fee without seeing the agent and property.Only pay Rental fee, Sales fee or any upfront payment after you verify the Landlord.Ensure you meet the Agent in an open location.The Agent does not represent PropertyPro and PropertyPro is not liable for any monetary transaction between you and the Agent.",8PAYC,23-Jan-26,24-Apr-26,https://www.propertypro.ng/property/8-bedroom-house-for-sale-close-to-nnpc-estate-guzape-abuja-8PAYC
4 Bedroom Duplex With 2 Bq,800000000,sale,Guzape,Guzape,"Close To Nnpc, Guzape Abuja",4,4,5,Detached Duplex,"Safety TipsDo not make any inspection fee without seeing the agent and property.Only pay Rental fee, Sales fee or any upfront payment after you verify the Landlord.Ensure you meet the Agent in an open location.The Agent does not represent PropertyPro and PropertyPro is not liable for any monetary transaction between you and the Agent.",3PBEZ,27-Jan-26,24-Apr-26,https://www.propertypro.ng/property/4-bedroom-house-for-sale-close-to-nnpc-guzape-abuja-3PBEZ
4 Bedroom Terrace Duplex With Bq,370000000,sale,Guzape,Guzape,Close To Fairview School Guzape Abuja,4,4,5,Terraced Duplex,"Safety TipsDo not make any inspection fee without seeing the agent and property.Only pay Rental fee, Sales fee or any upfront payment after you verify the Landlord.Ensure you meet the Agent in an open location.The Agent does not represent PropertyPro and PropertyPro is not liable for any monetary transaction between you and the Agent.",3NYLQ,29-Dec-25,24-Apr-26,https://www.propertypro.ng/property/4-bedroom-house-for-sale-close-to-fairview-school-guzape-abuja-3NYLQ
7 Bedroom Flats,3000000000,sale,Guzape,Guzape,Close To Peace Setters School Guzape Abuja,7,7,8,Flat/Apartment,"Safety TipsDo not make any inspection fee without seeing the agent and property.Only pay Rental fee, Sales fee or any upfront payment after you verify the Landlord.Ensure you meet the Agent in an open location.The Agent does not represent PropertyPro and PropertyPro is not liable for any monetary transaction between you and the Agent.",4NXSX,17-Dec-25,24-Apr-26,https://www.propertypro.ng/property/7-bedroom-house-for-sale-close-to-peace-setters-school-guzape-abuja-4NXSX
5 Bedroom Detached Duplex With 1 Bedroom Guest Chalet,650000000,sale,Guzape,Guzape,Guzape Abuja Diplomatic Zone Guzape Abuja,5,6,6,Detached Duplex,"Safety TipsDo not make any inspection fee without seeing the agent and property.Only pay Rental fee, Sales fee or any upfront payment after you verify the Landlord.Ensure you meet the Agent in an open location.The Agent does not represent PropertyPro and PropertyPro is not liable for any monetary transaction between you and the Agent.",5PLRB,20-Apr-26,24-Apr-26,https://www.propertypro.ng/property/5-bedroom-house-for-sale-guzape-abuja-diplomatic-zone-guzape-abuja-5PLRB
Five (5) Units Of Well Finished 4 Bedroom Terraced,350000000,sale,Guzape,Guzape,Guzape Abuja,4,4,5,House,"Safety TipsDo not make any inspection fee without seeing the agent and property.Only pay Rental fee, Sales fee or any upfront payment after you verify the Landlord.Ensure you meet the Agent in an open location.The Agent does not represent PropertyPro and PropertyPro is not liable for any monetary transaction between you and the Agent.",9PLZQ,23-Apr-26,24-Apr-26,https://www.propertypro.ng/property/4-bedroom-house-for-sale-guzape-abuja-9PLZQ
Luxury 5 Bedroom Fully Detached Duplex +bq,750000000,sale,Guzape,Guzape,Behind Coza Guzape Abuja,5,5,6,Detached Duplex,"Safety TipsDo not make any inspection fee without seeing the agent and property.Only pay Rental fee, Sales fee or any upfront payment after you verify the Landlord.Ensure you meet the Agent in an open location.The Agent does not represent PropertyPro and PropertyPro is not liable for any monetary transaction between you and the Agent.",5PFKP,04-Mar-26,24-Apr-26,https://www.propertypro.ng/property/5-bedroom-house-for-sale-behind-coza-guzape-abuja-5PFKP
3 Bedroom Flat,300000000,sale,Guzape,Guzape,Guzape Abuja,3,3,4,Flat/Apartment,"Safety TipsDo not make any inspection fee without seeing the agent and property.Only pay Rental fee, Sales fee or any upfront payment after you verify the Landlord.Ensure you meet the Agent in an open location.The Agent does not represent PropertyPro and PropertyPro is not liable for any monetary transaction between you and the Agent.",0NMAU,02-Sep-25,24-Apr-26,https://www.propertypro.ng/property/3-bedroom-flat-apartment-for-sale-guzape-abuja-0NMAU
Newly Built 4 Bedroom,900000000,sale,Guzape,Guzape,Guzape Abuja,4,4,5,House,"Safety TipsDo not make any inspection fee without seeing the agent and property.Only pay Rental fee, Sales fee or any upfront payment after you verify the Landlord.Ensure you meet the Agent in an open location.The Agent does not represent PropertyPro and PropertyPro is not liable for any monetary transaction between you and the Agent.",1MVFK,25-Apr-25,24-Apr-26,https://www.propertypro.ng/property/4-bedroom-house-for-sale-guzape-abuja-1MVFK
4 Bedroom Flat,750000000,sale,Guzape,Guzape,Guzape Abuja,4,4,5,Flat/Apartment,"Safety TipsDo not make any inspection fee without seeing the agent and property.Only pay Rental fee, Sales fee or any upfront payment after you verify the Landlord.Ensure you meet the Agent in an open location.The Agent does not represent PropertyPro and PropertyPro is not liable for any monetary transaction between you and the Agent.",4MWZU,08-May-25,24-Apr-26,https://www.propertypro.ng/property/4-bedroom-house-for-sale-guzape-abuja-4MWZU
Newly Built 5 Bedroom Detached Duplex With Penthouse,700000000,sale,Guzape,Guzape,Guzape Abuja,5,5,6,Detached Duplex,"Safety TipsDo not make any inspection fee without seeing the agent and property.Only pay Rental fee, Sales fee or any upfront payment after you verify the Landlord.Ensure you meet the Agent in an open location.The Agent does not represent PropertyPro and PropertyPro is not liable for any monetary transaction between you and the Agent.",6NSMM,23-Oct-25,24-Apr-26,https://www.propertypro.ng/property/5-bedroom-house-for-sale-guzape-abuja-6NSMM
Bedroom Duplex,600000000,sale,Guzape,Guzape,Guzape Abuja,5,5,5,Detached Duplex,"Safety TipsDo not make any inspection fee without seeing the agent and property.Only pay Rental fee, Sales fee or any upfront payment after you verify the Landlord.Ensure you meet the Agent in an open location.The Agent does not represent PropertyPro and PropertyPro is not liable for any monetary transaction between you and the Agent.",0NPZG,30-Sep-25,24-Apr-26,https://www.propertypro.ng/property/5-bedroom-flat-apartment-for-sale-guzape-abuja-0NPZG
5 Bedroom Detached Duplex,680000000,sale,Utako,Utako,Utako Abuja,5,5,,Detached Duplex,"Safety TipsDo not make any inspection fee without seeing the agent and property.Only pay Rental fee, Sales fee or any upfront payment after you verify the Landlord.Ensure you meet the Agent in an open location.The Agent does not represent PropertyPro and PropertyPro is not liable for any monetary transaction between you and the Agent.",7PGVE,16-Mar-26,24-Apr-26,https://www.propertypro.ng/property/5-bedroom-house-for-sale-utako-abuja-7PGVE
5 Bedroom Detached Duplex,680000000,sale,Utako,Utako,Utako Abuja,5,5,,Detached Duplex,"Safety TipsDo not make any inspection fee without seeing the agent and property.Only pay Rental fee, Sales fee or any upfront payment after you verify the Landlord.Ensure you meet the Agent in an open location.The Agent does not represent PropertyPro and PropertyPro is not liable for any monetary transaction between you and the Agent.",3PGGF,11-Mar-26,24-Apr-26,https://www.propertypro.ng/property/5-bedroom-house-for-sale-utako-abuja-3PGGF
5 Bedroom Detached Duplex With Bq,780000000,sale,Utako,Utako,Utako Abuja,5,5,,Detached Duplex,"Safety TipsDo not make any inspection fee without seeing the agent and property.Only pay Rental fee, Sales fee or any upfront payment after you verify the Landlord.Ensure you meet the Agent in an open location.The Agent does not represent PropertyPro and PropertyPro is not liable for any monetary transaction between you and the Agent.",3PBCY,26-Jan-26,24-Apr-26,https://www.propertypro.ng/property/5-bedroom-house-for-sale-utako-abuja-3PBCY
Massive 17 Rooms Duplex ( Fully Detached),1290000000,sale,Utako,Utako,"Utako, Abuja Utako Abuja",10,10,10,Detached Duplex,"Safety TipsDo not make any inspection fee without seeing the agent and property.Only pay Rental fee, Sales fee or any upfront payment after you verify the Landlord.Ensure you meet the Agent in an open location.The Agent does not represent PropertyPro and PropertyPro is not liable for any monetary transaction between you and the Agent.",0PLNB,19-Apr-26,24-Apr-26,https://www.propertypro.ng/property/10-bedroom-house-for-sale-utako-abuja-utako-abuja-0PLNB
Newly Built And Beautiful 4bedroom Terrace With Bq,750000000,sale,Utako,Utako,Utako Utako Abuja,4,4,5,House,"Safety TipsDo not make any inspection fee without seeing the agent and property.Only pay Rental fee, Sales fee or any upfront payment after you verify the Landlord.Ensure you meet the Agent in an open location.The Agent does not represent PropertyPro and PropertyPro is not liable for any monetary transaction between you and the Agent.",2PMGM,26-Apr-26,,https://www.propertypro.ng/property/4-bedroom-house-for-sale-utako-utako-abuja-2PMGM
33 Units Of Spacious Apartment,3500000000,sale,Utako,Utako,Utako Abuja,1,1,,Flat/Apartment,"Safety TipsDo not make any inspection fee without seeing the agent and property.Only pay Rental fee, Sales fee or any upfront payment after you verify the Landlord.Ensure you meet the Agent in an open location.The Agent does not represent PropertyPro and PropertyPro is not liable for any monetary transaction between you and the Agent.",7NKKQ,19-Aug-25,24-Apr-26,https://www.propertypro.ng/property/1-bedroom-house-for-sale-utako-abuja-7NKKQ
4 Bedroom Detached Duplex,550000000,sale,Utako,Utako,Utako Abuja,4,4,,Detached Duplex,"Safety TipsDo not make any inspection fee without seeing the agent and property.Only pay Rental fee, Sales fee or any upfront payment after you verify the Landlord.Ensure you meet the Agent in an open location.The Agent does not represent PropertyPro and PropertyPro is not liable for any monetary transaction between you and the Agent.",1MYWB,21-May-25,24-Apr-26,https://www.propertypro.ng/property/4-bedroom-house-for-sale-utako-abuja-1MYWB
Newly Built 6 Bedroom Fully Detached Duplex,600000000,sale,Utako,Utako,Utako Abuja,6,6,7,Detached Duplex,"Safety TipsDo not make any inspection fee without seeing the agent and property.Only pay Rental fee, Sales fee or any upfront payment after you verify the Landlord.Ensure you meet the Agent in an open location.The Agent does not represent PropertyPro and PropertyPro is not liable for any monetary transaction between you and the Agent.",7PLPK,20-Apr-26,24-Apr-26,https://www.propertypro.ng/property/6-bedroom-house-for-sale-utako-abuja-7PLPK
6 Units Of 3 Bedroom Flat With Bq,780000000,sale,Utako,Utako,Utako Abuja,3,3,4,Flat/Apartment,"Safety TipsDo not make any inspection fee without seeing the agent and property.Only pay Rental fee, Sales fee or any upfront payment after you verify the Landlord.Ensure you meet the Agent in an open location.The Agent does not represent PropertyPro and PropertyPro is not liable for any monetary transaction between you and the Agent.",4PCYR,12-Feb-26,24-Apr-26,https://www.propertypro.ng/property/3-bedroom-house-for-sale-utako-abuja-4PCYR
Fu5 Bedroom Detached Duplex,500000000,sale,Utako,Utako,Utako Abuja,5,5,6,Detached Duplex,"Safety TipsDo not make any inspection fee without seeing the agent and property.Only pay Rental fee, Sales fee or any upfront payment after you verify the Landlord.Ensure you meet the Agent in an open location.The Agent does not represent PropertyPro and PropertyPro is not liable for any monetary transaction between you and the Agent.",1NYCY,22-Dec-25,24-Apr-26,https://www.propertypro.ng/property/5-bedroom-house-for-sale-utako-abuja-1NYCY
4 Units Of 5 Bedroom Detached Duplex With Bq,4500000000,sale,Utako,Utako,Utako Abuja,5,5,6,Detached Duplex,"Safety TipsDo not make any inspection fee without seeing the agent and property.Only pay Rental fee, Sales fee or any upfront payment after you verify the Landlord.Ensure you meet the Agent in an open location.The Agent does not represent PropertyPro and PropertyPro is not liable for any monetary transaction between you and the Agent.",9NRVU,17-Oct-25,24-Apr-26,https://www.propertypro.ng/property/5-bedroom-house-for-sale-utako-abuja-9NRVU
Fully Detached 17 Rooms Duplex,1290000000,sale,Utako,Utako,"Utako, Abuja Utako Abuja",10,10,10,Detached Duplex,"Safety TipsDo not make any inspection fee without seeing the agent and property.Only pay Rental fee, Sales fee or any upfront payment after you verify the Landlord.Ensure you meet the Agent in an open location.The Agent does not represent PropertyPro and PropertyPro is not liable for any monetary transaction between you and the Agent.",6PKYP,14-Apr-26,24-Apr-26,https://www.propertypro.ng/property/10-bedroom-house-for-sale-utako-abuja-utako-abuja-6PKYP
Stunning 4 Bedroom Terrace Duplex + Bq (smart Home),65000000,rent,Maitama,Maitama,Maitama Abuja,4,5,5,Terraced Duplex,"Safety TipsDo not make any inspection fee without seeing the agent and property.Only pay Rental fee, Sales fee or any upfront payment after you verify the Landlord.Ensure you meet the Agent in an open location.The Agent does not represent PropertyPro and PropertyPro is not liable for any monetary transaction between you and the Agent.",4PJVM,03-Apr-26,24-Apr-26,https://www.propertypro.ng/property/4-bedroom-house-for-rent-maitama-abuja-4PJVM
4 Bedroom Flat,15000000,rent,Maitama,Maitama,Maitama Abuja,4,,,Flat/Apartment,"Safety TipsDo not make any inspection fee without seeing the agent and property.Only pay Rental fee, Sales fee or any upfront payment after you verify the Landlord.Ensure you meet the Agent in an open location.The Agent does not represent PropertyPro and PropertyPro is not liable for any monetary transaction between you and the Agent.",1NXGX,12-Dec-25,23-Apr-26,https://www.propertypro.ng/property/4-bedroom-flat-apartment-for-rent-maitama-abuja-1NXGX
Newly Built 4 Bedroom Terrace Duplex With Bq,50000000,rent,Maitama,Maitama,Maitama Abuja,4,4,5,Terraced Duplex,"Safety TipsDo not make any inspection fee without seeing the agent and property.Only pay Rental fee, Sales fee or any upfront payment after you verify the Landlord.Ensure you meet the Agent in an open location.The Agent does not represent PropertyPro and PropertyPro is not liable for any monetary transaction between you and the Agent.",8PHKT,22-Mar-26,24-Apr-26,https://www.propertypro.ng/property/4-bedroom-house-for-rent-maitama-abuja-8PHKT
Executive 5 Bedroom Fully Detached Duplex,90000000,rent,Maitama,Maitama,Maitama Abuja,5,6,6,Detached Duplex,"Safety TipsDo not make any inspection fee without seeing the agent and property.Only pay Rental fee, Sales fee or any upfront payment after you verify the Landlord.Ensure you meet the Agent in an open location.The Agent does not represent PropertyPro and PropertyPro is not liable for any monetary transaction between you and the Agent.",4PJPY,01-Apr-26,24-Apr-26,https://www.propertypro.ng/property/5-bedroom-house-for-rent-maitama-abuja-4PJPY
4 Bedroom Detached Duplex,50000000,rent,Maitama,Maitama,Maitama Abuja,4,,,Detached Duplex,"Safety TipsDo not make any inspection fee without seeing the agent and property.Only pay Rental fee, Sales fee or any upfront payment after you verify the Landlord.Ensure you meet the Agent in an open location.The Agent does not represent PropertyPro and PropertyPro is not liable for any monetary transaction between you and the Agent.",5PDYR,20-Feb-26,24-Apr-26,https://www.propertypro.ng/property/4-bedroom-house-for-rent-maitama-abuja-5PDYR
4 Bedroom Semi Detached Duplex,45000000,rent,Maitama,Maitama,Maitama Abuja,4,,,Semi-Detached Duplex,"Safety TipsDo not make any inspection fee without seeing the agent and property.Only pay Rental fee, Sales fee or any upfront payment after you verify the Landlord.Ensure you meet the Agent in an open location.The Agent does not represent PropertyPro and PropertyPro is not liable for any monetary transaction between you and the Agent.",1PDYR,20-Feb-26,24-Apr-26,https://www.propertypro.ng/property/4-bedroom-house-for-rent-maitama-abuja-1PDYR
Newly Built 6 Bedroom Fully Detached Duplex,50000000,rent,Maitama,Maitama,Maitama Abuja,6,,,Detached Duplex,"Safety TipsDo not make any inspection fee without seeing the agent and property.Only pay Rental fee, Sales fee or any upfront payment after you verify the Landlord.Ensure you meet the Agent in an open location.The Agent does not represent PropertyPro and PropertyPro is not liable for any monetary transaction between you and the Agent.",8PDYQ,20-Feb-26,24-Apr-26,https://www.propertypro.ng/property/6-bedroom-house-for-rent-maitama-abuja-8PDYQ
Newly Built 4 Bedroom Terrace Duplex With Bq,60000000,rent,Maitama,Maitama,Maitama Main Maitama Abuja,4,6,6,Terraced Duplex,"Safety TipsDo not make any inspection fee without seeing the agent and property.Only pay Rental fee, Sales fee or any upfront payment after you verify the Landlord.Ensure you meet the Agent in an open location.The Agent does not represent PropertyPro and PropertyPro is not liable for any monetary transaction between you and the Agent.",4PHHM,20-Mar-26,24-Apr-26,https://www.propertypro.ng/property/4-bedroom-house-for-rent-maitama-main-maitama-abuja-4PHHM
Fully Furnished 3 Bedroom Block Of Flat,30000000,rent,Maitama,Maitama,Maitama Main Maitama Abuja,3,4,4,Flat/Apartment,"Safety TipsDo not make any inspection fee without seeing the agent and property.Only pay Rental fee, Sales fee or any upfront payment after you verify the Landlord.Ensure you meet the Agent in an open location.The Agent does not represent PropertyPro and PropertyPro is not liable for any monetary transaction between you and the Agent.",3PHHN,20-Mar-26,24-Apr-26,https://www.propertypro.ng/property/3-bedroom-flat-apartment-for-rent-maitama-main-maitama-abuja-3PHHN
5 Bedroom Duplex With 3 Rooms Bq,150000000,rent,Maitama,Maitama,Maitama Main Maitama Abuja,5,8,8,Detached Duplex,"Safety TipsDo not make any inspection fee without seeing the agent and property.Only pay Rental fee, Sales fee or any upfront payment after you verify the Landlord.Ensure you meet the Agent in an open location.The Agent does not represent PropertyPro and PropertyPro is not liable for any monetary transaction between you and the Agent.",0PHHP,20-Mar-26,24-Apr-26,https://www.propertypro.ng/property/5-bedroom-house-for-rent-maitama-main-maitama-abuja-0PHHP
2 Bedroom Flat,6000000,rent,Maitama,Maitama,Maitama Maitama Abuja,2,2,,Flat/Apartment,"Safety TipsDo not make any inspection fee without seeing the agent and property.Only pay Rental fee, Sales fee or any upfront payment after you verify the Landlord.Ensure you meet the Agent in an open location.The Agent does not represent PropertyPro and PropertyPro is not liable for any monetary transaction between you and the Agent.",4PKPR,11-Apr-26,24-Apr-26,https://www.propertypro.ng/property/2-bedroom-flat-apartment-for-rent-maitama-maitama-abuja-4PKPR
7 Bedroom Detached Duplex+bq,90000000,rent,Maitama,Maitama,Maitama Maitama Abuja,7,7,,Detached Duplex,"Safety TipsDo not make any inspection fee without seeing the agent and property.Only pay Rental fee, Sales fee or any upfront payment after you verify the Landlord.Ensure you meet the Agent in an open location.The Agent does not represent PropertyPro and PropertyPro is not liable for any monetary transaction between you and the Agent.",4PKSG,12-Apr-26,24-Apr-26,https://www.propertypro.ng/property/7-bedroom-house-for-rent-maitama-maitama-abuja-4PKSG
4 Bedroom Semi Detached Duplex+bq,50000000,rent,Maitama,Maitama,Maitama Maitama Abuja,4,4,,Semi-Detached Duplex,"Safety TipsDo not make any inspection fee without seeing the agent and property.Only pay Rental fee, Sales fee or any upfront payment after you verify the Landlord.Ensure you meet the Agent in an open location.The Agent does not represent PropertyPro and PropertyPro is not liable for any monetary transaction between you and the Agent.",8PKLS,10-Apr-26,24-Apr-26,https://www.propertypro.ng/property/4-bedroom-house-for-rent-maitama-maitama-abuja-8PKLS
4 Bedroom Terrace Duplex,35000000,rent,Maitama,Maitama,Maitama Maitama Abuja,4,4,5,Terraced Duplex,"Safety TipsDo not make any inspection fee without seeing the agent and property.Only pay Rental fee, Sales fee or any upfront payment after you verify the Landlord.Ensure you meet the Agent in an open location.The Agent does not represent PropertyPro and PropertyPro is not liable for any monetary transaction between you and the Agent.",2PJZH,05-Apr-26,24-Apr-26,https://www.propertypro.ng/property/4-bedroom-house-for-rent-maitama-maitama-abuja-2PJZH
4 Bedroom Terrace Duplex,75000000,rent,Maitama,Maitama,Maitama Abuja,4,4,,Terraced Duplex,"Safety TipsDo not make any inspection fee without seeing the agent and property.Only pay Rental fee, Sales fee or any upfront payment after you verify the Landlord.Ensure you meet the Agent in an open location.The Agent does not represent PropertyPro and PropertyPro is not liable for any monetary transaction between you and the Agent.",9NRZL,18-Oct-25,24-Apr-26,https://www.propertypro.ng/property/4-bedroom-house-for-rent-maitama-abuja-9NRZL
4 Bedroom Detached Duplex With Bq,25000000,rent,Maitama,Maitama,Maitama Abuja,4,4,,Detached Duplex,"Safety TipsDo not make any inspection fee without seeing the agent and property.Only pay Rental fee, Sales fee or any upfront payment after you verify the Landlord.Ensure you meet the Agent in an open location.The Agent does not represent PropertyPro and PropertyPro is not liable for any monetary transaction between you and the Agent.",5PBCM,26-Jan-26,24-Apr-26,https://www.propertypro.ng/property/4-bedroom-house-for-rent-maitama-abuja-5PBCM
6 Bedroom Detached Duplex,80000000,rent,Maitama,Maitama,Maitama Abuja,6,6,,Detached Duplex,"Safety TipsDo not make any inspection fee without seeing the agent and property.Only pay Rental fee, Sales fee or any upfront payment after you verify the Landlord.Ensure you meet the Agent in an open location.The Agent does not represent PropertyPro and PropertyPro is not liable for any monetary transaction between you and the Agent.",1PGVE,16-Mar-26,24-Apr-26,https://www.propertypro.ng/property/6-bedroom-house-for-rent-maitama-abuja-1PGVE
5 Bedroom Terraced Duplex With 1 Bedroom Guest Chalet,45000000,rent,Maitama,Maitama,Maitama Abuja,5,5,,Terraced Duplex,"Safety TipsDo not make any inspection fee without seeing the agent and property.Only pay Rental fee, Sales fee or any upfront payment after you verify the Landlord.Ensure you meet the Agent in an open location.The Agent does not represent PropertyPro and PropertyPro is not liable for any monetary transaction between you and the Agent.",3PGVB,16-Mar-26,24-Apr-26,https://www.propertypro.ng/property/5-bedroom-house-for-rent-maitama-abuja-3PGVB
5 Bedroom Semi Detached Duplex With Bq,20000000,rent,Asokoro,Asokoro,Asokoro Abuja,5,5,,Semi-Detached Duplex,"Safety TipsDo not make any inspection fee without seeing the agent and property.Only pay Rental fee, Sales fee or any upfront payment after you verify the Landlord.Ensure you meet the Agent in an open location.The Agent does not represent PropertyPro and PropertyPro is not liable for any monetary transaction between you and the Agent.",3PJGW,30-Mar-26,24-Apr-26,https://www.propertypro.ng/property/5-bedroom-house-for-rent-asokoro-abuja-3PJGW
2 Bedroom Bungalow With Swimming Pool And Gym,10000000,rent,Asokoro,Asokoro,Asokoro Abuja Diplomatic Zone Asokoro Abuja,2,3,3,Bungalow,"Safety TipsDo not make any inspection fee without seeing the agent and property.Only pay Rental fee, Sales fee or any upfront payment after you verify the Landlord.Ensure you meet the Agent in an open location.The Agent does not represent PropertyPro and PropertyPro is not liable for any monetary transaction between you and the Agent.",6PLMJ,19-Apr-26,24-Apr-26,https://www.propertypro.ng/property/2-bedroom-house-for-rent-asokoro-abuja-diplomatic-zone-asokoro-abuja-6PLMJ
Fully Furnished 2 Bedroom Block Of Flat,15000000,rent,Asokoro,Asokoro,Asokoro Abuja Diplomatic Zone Asokoro Abuja,2,3,3,Flat/Apartment,"Safety TipsDo not make any inspection fee without seeing the agent and property.Only pay Rental fee, Sales fee or any upfront payment after you verify the Landlord.Ensure you meet the Agent in an open location.The Agent does not represent PropertyPro and PropertyPro is not liable for any monetary transaction between you and the Agent.",8PLMJ,19-Apr-26,24-Apr-26,https://www.propertypro.ng/property/2-bedroom-house-for-rent-asokoro-abuja-diplomatic-zone-asokoro-abuja-8PLMJ
Newly Built 5 Bedroom Terrace Duplex With Bq,20000000,rent,Asokoro,Asokoro,"Diplomatic Zone, Asokoro Abuja",5,6,7,Terraced Duplex,"Safety TipsDo not make any inspection fee without seeing the agent and property.Only pay Rental fee, Sales fee or any upfront payment after you verify the Landlord.Ensure you meet the Agent in an open location.The Agent does not represent PropertyPro and PropertyPro is not liable for any monetary transaction between you and the Agent.",1PJCG,27-Mar-26,24-Apr-26,https://www.propertypro.ng/property/5-bedroom-house-for-rent-diplomatic-zone-asokoro-abuja-1PJCG
Furnished 3bedroom Apartment,20000000,rent,Wuse-2,Wuse,Wuse 2 Abuja,3,3,4,Flat/Apartment,"Safety TipsDo not make any inspection fee without seeing the agent and property.Only pay Rental fee, Sales fee or any upfront payment after you verify the Landlord.Ensure you meet the Agent in an open location.The Agent does not represent PropertyPro and PropertyPro is not liable for any monetary transaction between you and the Agent.",4PLWX,22-Apr-26,24-Apr-26,https://www.propertypro.ng/property/3-bedroom-flat-apartment-for-rent-wuse-2-abuja-4PLWX
5 Bedroom Detached Duplex+2rooms Bq,55000000,rent,Wuse-2,Wuse,Off Ademola Adetokunbo Wuse 2 Abuja,5,5,5,Detached Duplex,"Safety TipsDo not make any inspection fee without seeing the agent and property.Only pay Rental fee, Sales fee or any upfront payment after you verify the Landlord.Ensure you meet the Agent in an open location.The Agent does not represent PropertyPro and PropertyPro is not liable for any monetary transaction between you and the Agent.",9PGBF,10-Mar-26,24-Apr-26,https://www.propertypro.ng/property/5-bedroom-house-for-rent-off-ademola-adetokunbo-wuse-2-abuja-9PGBF
3 Bedroom Flat With 1 Bq,13000000,rent,Wuse-2,Wuse,Wuse 2 Abuja,3,3,4,Flat/Apartment,"Safety TipsDo not make any inspection fee without seeing the agent and property.Only pay Rental fee, Sales fee or any upfront payment after you verify the Landlord.Ensure you meet the Agent in an open location.The Agent does not represent PropertyPro and PropertyPro is not liable for any monetary transaction between you and the Agent.",6PHJA,21-Mar-26,24-Apr-26,https://www.propertypro.ng/property/3-bedroom-flat-apartment-for-rent-wuse-2-abuja-6PHJA
A Fully Detached 6 Bedroom Duplex + Bq,45000000,rent,Wuse-2,Wuse,"Wuse2, Abuja. Wuse 2 Abuja",6,6,7,Detached Duplex,"Safety TipsDo not make any inspection fee without seeing the agent and property.Only pay Rental fee, Sales fee or any upfront payment after you verify the Landlord.Ensure you meet the Agent in an open location.The Agent does not represent PropertyPro and PropertyPro is not liable for any monetary transaction between you and the Agent.",8PHFW,20-Mar-26,24-Apr-26,https://www.propertypro.ng/property/6-bedroom-house-for-rent-wuse2-abuja-wuse-2-abuja-8PHFW
3 Bedroom Apartment,15000000,rent,Wuse-2,Wuse,Wuse 2 Abuja Wuse 2 Abuja,3,4,4,Flat/Apartment,"Safety TipsDo not make any inspection fee without seeing the agent and property.Only pay Rental fee, Sales fee or any upfront payment after you verify the Landlord.Ensure you meet the Agent in an open location.The Agent does not represent PropertyPro and PropertyPro is not liable for any monetary transaction between you and the Agent.",1PHDB,18-Mar-26,24-Apr-26,https://www.propertypro.ng/property/3-bedroom-flat-apartment-for-rent-wuse-2-abuja-wuse-2-abuja-1PHDB
10 Bedroom Bungalow,250000000,rent,Wuse-2,Wuse,Wuse 2 Abuja Wuse 2 Abuja,10,10,10,Bungalow,"Safety TipsDo not make any inspection fee without seeing the agent and property.Only pay Rental fee, Sales fee or any upfront payment after you verify the Landlord.Ensure you meet the Agent in an open location.The Agent does not represent PropertyPro and PropertyPro is not liable for any monetary transaction between you and the Agent.",8PHDC,18-Mar-26,24-Apr-26,https://www.propertypro.ng/property/10-bedroom-house-for-rent-wuse-2-abuja-wuse-2-abuja-8PHDC
Furnished And Serviced 3 Bedroom Apartment To Let,35000000,rent,Wuse-2,Wuse,Wuse 2 Abuja,3,4,4,Flat/Apartment,"Safety TipsDo not make any inspection fee without seeing the agent and property.Only pay Rental fee, Sales fee or any upfront payment after you verify the Landlord.Ensure you meet the Agent in an open location.The Agent does not represent PropertyPro and PropertyPro is not liable for any monetary transaction between you and the Agent.",6PHLW,23-Mar-26,24-Apr-26,https://www.propertypro.ng/property/3-bedroom-flat-apartment-for-rent-wuse-2-abuja-6PHLW
4 Bedroom Semi Detached Duplex,25000000,rent,Wuse-2,Wuse,Wuse 2 Abuja,4,4,5,Semi-Detached Duplex,"Safety TipsDo not make any inspection fee without seeing the agent and property.Only pay Rental fee, Sales fee or any upfront payment after you verify the Landlord.Ensure you meet the Agent in an open location.The Agent does not represent PropertyPro and PropertyPro is not liable for any monetary transaction between you and the Agent.",7PGPT,13-Mar-26,24-Apr-26,https://www.propertypro.ng/property/4-bedroom-house-for-rent-wuse-2-abuja-7PGPT
Spacious 3 Bedroom Flat,12000000,rent,Wuse-2,Wuse,Wuse2 Wuse 2 Abuja,3,3,,Flat/Apartment,"Safety TipsDo not make any inspection fee without seeing the agent and property.Only pay Rental fee, Sales fee or any upfront payment after you verify the Landlord.Ensure you meet the Agent in an open location.The Agent does not represent PropertyPro and PropertyPro is not liable for any monetary transaction between you and the Agent.",4PMAV,24-Apr-26,24-Apr-26,https://www.propertypro.ng/property/3-bedroom-flat-apartment-for-rent-wuse2-wuse-2-abuja-4PMAV
3 Bedroom Terrace Duplex+bq,25000000,rent,Wuse-2,Wuse,Wuse2 Wuse 2 Abuja,3,3,,Terraced Duplex,"Safety TipsDo not make any inspection fee without seeing the agent and property.Only pay Rental fee, Sales fee or any upfront payment after you verify the Landlord.Ensure you meet the Agent in an open location.The Agent does not represent PropertyPro and PropertyPro is not liable for any monetary transaction between you and the Agent.",3PLVD,22-Apr-26,24-Apr-26,https://www.propertypro.ng/property/3-bedroom-house-for-rent-wuse2-wuse-2-abuja-3PLVD
2 Bedroom Flat,5000000,rent,Wuse-2,Wuse,Wuse2 Wuse 2 Abuja,2,2,,Flat/Apartment,"Safety TipsDo not make any inspection fee without seeing the agent and property.Only pay Rental fee, Sales fee or any upfront payment after you verify the Landlord.Ensure you meet the Agent in an open location.The Agent does not represent PropertyPro and PropertyPro is not liable for any monetary transaction between you and the Agent.",9PLAL,15-Apr-26,24-Apr-26,https://www.propertypro.ng/property/2-bedroom-flat-apartment-for-rent-wuse2-wuse-2-abuja-9PLAL
1 Bedroom Flat,4000000,rent,Wuse-2,Wuse,Wuse2 Wuse 2 Abuja,1,1,,Flat/Apartment,"Safety TipsDo not make any inspection fee without seeing the agent and property.Only pay Rental fee, Sales fee or any upfront payment after you verify the Landlord.Ensure you meet the Agent in an open location.The Agent does not represent PropertyPro and PropertyPro is not liable for any monetary transaction between you and the Agent.",1PMAV,24-Apr-26,24-Apr-26,https://www.propertypro.ng/property/1-bedroom-flat-apartment-for-rent-wuse2-wuse-2-abuja-1PMAV
5 Bedroom Terraced Duplex,25000000,rent,Wuse-2,Wuse,Wuse 2 Abuja,5,5,5,Terraced Duplex,"Safety TipsDo not make any inspection fee without seeing the agent and property.Only pay Rental fee, Sales fee or any upfront payment after you verify the Landlord.Ensure you meet the Agent in an open location.The Agent does not represent PropertyPro and PropertyPro is not liable for any monetary transaction between you and the Agent.",9PHHE,20-Mar-26,24-Apr-26,https://www.propertypro.ng/property/5-bedroom-house-for-rent-wuse-2-abuja-9PHHE
Furnished 2 Bedroom Apartment || Wuse 2,13000000,rent,Wuse-2,Wuse,Wuse 2 Abuja,2,2,3,Flat/Apartment,"Safety TipsDo not make any inspection fee without seeing the agent and property.Only pay Rental fee, Sales fee or any upfront payment after you verify the Landlord.Ensure you meet the Agent in an open location.The Agent does not represent PropertyPro and PropertyPro is not liable for any monetary transaction between you and the Agent.",5PLDU,16-Apr-26,24-Apr-26,https://www.propertypro.ng/property/2-bedroom-flat-apartment-for-rent-wuse-2-abuja-5PLDU
4 Bedroom Detached Duplex With Swimming Pool/gym,25000000,rent,Wuse-2,Wuse,"Wuse 2 District Abuja Diplomatic Zone, Wuse 2 Abuja",4,5,5,Detached Duplex,"Safety TipsDo not make any inspection fee without seeing the agent and property.Only pay Rental fee, Sales fee or any upfront payment after you verify the Landlord.Ensure you meet the Agent in an open location.The Agent does not represent PropertyPro and PropertyPro is not liable for any monetary transaction between you and the Agent.",1NZEP,09-Jan-26,24-Apr-26,https://www.propertypro.ng/property/4-bedroom-house-for-rent-wuse-2-district-abuja-diplomatic-zone-wuse-2-abuja-1NZEP
Newly Built 6 Rooms Duplex With Bq ( Self Compound),30000000,rent,Gwarinpa,Gwarinpa,"6th Avenue, Gwarinpa, Abuja Gwarinpa Abuja",6,6,7,Detached Duplex,"Safety TipsDo not make any inspection fee without seeing the agent and property.Only pay Rental fee, Sales fee or any upfront payment after you verify the Landlord.Ensure you meet the Agent in an open location.The Agent does not represent PropertyPro and PropertyPro is not liable for any monetary transaction between you and the Agent.",5PMHV,27-Apr-26,27-Apr-26,https://www.propertypro.ng/property/6-bedroom-house-for-rent-6th-avenue-gwarinpa-abuja-gwarinpa-abuja-5PMHV
Nice 2bedroom Flat,4000000,rent,Gwarinpa,Gwarinpa,"Gwarinpa Main, Gwarinpa, Abuja Gwarinpa Abuja",2,2,3,Flat/Apartment,"Safety TipsDo not make any inspection fee without seeing the agent and property.Only pay Rental fee, Sales fee or any upfront payment after you verify the Landlord.Ensure you meet the Agent in an open location.The Agent does not represent PropertyPro and PropertyPro is not liable for any monetary transaction between you and the Agent.",6PMET,25-Apr-26,25-Apr-26,https://www.propertypro.ng/property/2-bedroom-flat-apartment-for-rent-gwarinpa-main-gwarinpa-abuja-gwarinpa-abuja-6PMET
4 Bedroom Terrace Duplex With Bq,12000000,rent,Gwarinpa,Gwarinpa,Gwarinpa Abuja,4,4,5,Terraced Duplex,"Safety TipsDo not make any inspection fee without seeing the agent and property.Only pay Rental fee, Sales fee or any upfront payment after you verify the Landlord.Ensure you meet the Agent in an open location.The Agent does not represent PropertyPro and PropertyPro is not liable for any monetary transaction between you and the Agent.",5PCGX,06-Feb-26,24-Apr-26,https://www.propertypro.ng/property/4-bedroom-house-for-rent-gwarinpa-abuja-5PCGX
Spacious 3 Bedroom Flat,7000000,rent,Gwarinpa,Gwarinpa,6th Avenue Gwarinpa Abuja,3,3,4,Flat/Apartment,"Safety TipsDo not make any inspection fee without seeing the agent and property.Only pay Rental fee, Sales fee or any upfront payment after you verify the Landlord.Ensure you meet the Agent in an open location.The Agent does not represent PropertyPro and PropertyPro is not liable for any monetary transaction between you and the Agent.",9PLSA,21-Apr-26,24-Apr-26,https://www.propertypro.ng/property/3-bedroom-flat-apartment-for-rent-6th-avenue-gwarinpa-abuja-9PLSA
A Good 5 Bedroom Semi Detached Duplex + 2bqs,15000000,rent,Gwarinpa,Gwarinpa,Off 7th Avenue. Video Is Available. Gwarinpa Abuja,5,5,6,Semi-Detached Duplex,"Safety TipsDo not make any inspection fee without seeing the agent and property.Only pay Rental fee, Sales fee or any upfront payment after you verify the Landlord.Ensure you meet the Agent in an open location.The Agent does not represent PropertyPro and PropertyPro is not liable for any monetary transaction between you and the Agent.",0PKHQ,09-Apr-26,24-Apr-26,https://www.propertypro.ng/property/5-bedroom-house-for-rent-off-7th-avenue-video-is-available-gwarinpa-abuja-0PKHQ
Newly Built 4bedroom Detached Duplex,6000000,rent,Gwarinpa,Gwarinpa,"In An Estate Gwarinpa Extension, Abuja Gwarinpa Abuja",4,5,5,Detached Duplex,"Safety TipsDo not make any inspection fee without seeing the agent and property.Only pay Rental fee, Sales fee or any upfront payment after you verify the Landlord.Ensure you meet the Agent in an open location.The Agent does not represent PropertyPro and PropertyPro is not liable for any monetary transaction between you and the Agent.",8PLEL,16-Apr-26,24-Apr-26,https://www.propertypro.ng/property/4-bedroom-house-for-rent-in-an-estate-gwarinpa-extension-abuja-gwarinpa-abuja-8PLEL
Well Finished 3 Bedroom Apartment,5000000,rent,Gwarinpa,Gwarinpa,Gwarinpa Main Gwarinpa Abuja,3,4,4,Flat/Apartment,"Safety TipsDo not make any inspection fee without seeing the agent and property.Only pay Rental fee, Sales fee or any upfront payment after you verify the Landlord.Ensure you meet the Agent in an open location.The Agent does not represent PropertyPro and PropertyPro is not liable for any monetary transaction between you and the Agent.",3PGWD,16-Mar-26,24-Apr-26,https://www.propertypro.ng/property/3-bedroom-flat-apartment-for-rent-gwarinpa-main-gwarinpa-abuja-3PGWD
Newly Built 2 Bedroom Flat (bq),3500000,rent,Gwarinpa,Gwarinpa,Mab Global Estate Gwarinpa Abuja,2,3,3,Flat/Apartment,"Safety TipsDo not make any inspection fee without seeing the agent and property.Only pay Rental fee, Sales fee or any upfront payment after you verify the Landlord.Ensure you meet the Agent in an open location.The Agent does not represent PropertyPro and PropertyPro is not liable for any monetary transaction between you and the Agent.",0PGZR,17-Mar-26,24-Apr-26,https://www.propertypro.ng/property/2-bedroom-flat-apartment-for-rent-mab-global-estate-gwarinpa-abuja-0PGZR
3 Bedroom Terrace Duplex,7000000,rent,Gwarinpa,Gwarinpa,Main Gwarinpa Abuja,3,4,4,Terraced Duplex,"Safety TipsDo not make any inspection fee without seeing the agent and property.Only pay Rental fee, Sales fee or any upfront payment after you verify the Landlord.Ensure you meet the Agent in an open location.The Agent does not represent PropertyPro and PropertyPro is not liable for any monetary transaction between you and the Agent.",0PGQB,13-Mar-26,24-Apr-26,https://www.propertypro.ng/property/3-bedroom-house-for-rent-main-gwarinpa-abuja-0PGQB
3 Bedroom Apartment,10000000,rent,Gwarinpa,Gwarinpa,"Gwarinpa Main, Abuja Gwarinpa Abuja",3,4,4,Flat/Apartment,"Safety TipsDo not make any inspection fee without seeing the agent and property.Only pay Rental fee, Sales fee or any upfront payment after you verify the Landlord.Ensure you meet the Agent in an open location.The Agent does not represent PropertyPro and PropertyPro is not liable for any monetary transaction between you and the Agent.",1PHSG,24-Mar-26,24-Apr-26,https://www.propertypro.ng/property/3-bedroom-flat-apartment-for-rent-gwarinpa-main-abuja-gwarinpa-abuja-1PHSG
1 Bedroom Flat,2500000,rent,Gwarinpa,Gwarinpa,Gwarinpa Gwarinpa Abuja,1,1,,Flat/Apartment,"Safety TipsDo not make any inspection fee without seeing the agent and property.Only pay Rental fee, Sales fee or any upfront payment after you verify the Landlord.Ensure you meet the Agent in an open location.The Agent does not represent PropertyPro and PropertyPro is not liable for any monetary transaction between you and the Agent.",5PKSH,12-Apr-26,24-Apr-26,https://www.propertypro.ng/property/1-bedroom-flat-apartment-for-rent-gwarinpa-gwarinpa-abuja-5PKSH
1 Bedroom Flat,3000000,rent,Gwarinpa,Gwarinpa,Gwarinpa Gwarinpa Abuja,1,1,,Flat/Apartment,"Safety TipsDo not make any inspection fee without seeing the agent and property.Only pay Rental fee, Sales fee or any upfront payment after you verify the Landlord.Ensure you meet the Agent in an open location.The Agent does not represent PropertyPro and PropertyPro is not liable for any monetary transaction between you and the Agent.",3PLUZ,22-Apr-26,24-Apr-26,https://www.propertypro.ng/property/1-bedroom-flat-apartment-for-rent-gwarinpa-gwarinpa-abuja-3PLUZ
Beautiful 1 Bedroom Flat,2500000,rent,Gwarinpa,Gwarinpa,Gwarinpa Gwarinpa Abuja,1,1,,Flat/Apartment,"Safety TipsDo not make any inspection fee without seeing the agent and property.Only pay Rental fee, Sales fee or any upfront payment after you verify the Landlord.Ensure you meet the Agent in an open location.The Agent does not represent PropertyPro and PropertyPro is not liable for any monetary transaction between you and the Agent.",1PLQF,20-Apr-26,24-Apr-26,https://www.propertypro.ng/property/1-bedroom-flat-apartment-for-rent-gwarinpa-gwarinpa-abuja-1PLQF
Newly Built 2 Bedroom Flat With A Pool,6000000,rent,Lugbe,Lugbe,By Von Lugbe Abuja,2,2,3,Flat/Apartment,"Safety TipsDo not make any inspection fee without seeing the agent and property.Only pay Rental fee, Sales fee or any upfront payment after you verify the Landlord.Ensure you meet the Agent in an open location.The Agent does not represent PropertyPro and PropertyPro is not liable for any monetary transaction between you and the Agent.",0PFHA,03-Mar-26,24-Apr-26,https://www.propertypro.ng/property/2-bedroom-house-for-rent-by-von-lugbe-abuja-0PFHA
2 Bedroom Semi Detached Duplex,6000000,rent,Lugbe,Lugbe,Lugbe Abuja,2,2,2,Semi-Detached Duplex,"Safety TipsDo not make any inspection fee without seeing the agent and property.Only pay Rental fee, Sales fee or any upfront payment after you verify the Landlord.Ensure you meet the Agent in an open location.The Agent does not represent PropertyPro and PropertyPro is not liable for any monetary transaction between you and the Agent.",7PFKQ,04-Mar-26,24-Apr-26,https://www.propertypro.ng/property/2-bedroom-house-for-rent-lugbe-abuja-7PFKQ
4 Bedroom Duplex To Let In River Park,8000000,rent,Lugbe,Lugbe,River Park Estate Lugbe Abuja,4,5,5,Detached Duplex,"Safety TipsDo not make any inspection fee without seeing the agent and property.Only pay Rental fee, Sales fee or any upfront payment after you verify the Landlord.Ensure you meet the Agent in an open location.The Agent does not represent PropertyPro and PropertyPro is not liable for any monetary transaction between you and the Agent.",0PHFQ,19-Mar-26,24-Apr-26,https://www.propertypro.ng/property/4-bedroom-house-for-rent-river-park-estate-lugbe-abuja-0PHFQ
Newly Built 2 Bedroom Block Of Flats,3000000,rent,Lugbe,Lugbe,Along Von Garden Estate Road Lugbe Abuja,2,3,3,Flat/Apartment,"Safety TipsDo not make any inspection fee without seeing the agent and property.Only pay Rental fee, Sales fee or any upfront payment after you verify the Landlord.Ensure you meet the Agent in an open location.The Agent does not represent PropertyPro and PropertyPro is not liable for any monetary transaction between you and the Agent.",2PJBJ,27-Mar-26,24-Apr-26,https://www.propertypro.ng/property/2-bedroom-house-for-rent-along-von-garden-estate-road-lugbe-abuja-2PJBJ
2 Bedroom Block Of Flats,3000000,rent,Lugbe,Lugbe,Airport Road Lugbe Abuja,2,3,3,Flat/Apartment,"Safety TipsDo not make any inspection fee without seeing the agent and property.Only pay Rental fee, Sales fee or any upfront payment after you verify the Landlord.Ensure you meet the Agent in an open location.The Agent does not represent PropertyPro and PropertyPro is not liable for any monetary transaction between you and the Agent.",1PJEQ,29-Mar-26,24-Apr-26,https://www.propertypro.ng/property/2-bedroom-house-for-rent-airport-road-lugbe-abuja-1PJEQ
Standard 3 Bedroom Block Of Flats,5000000,rent,Lugbe,Lugbe,River Park Estate Lugbe Abuja,3,4,4,Flat/Apartment,"Safety TipsDo not make any inspection fee without seeing the agent and property.Only pay Rental fee, Sales fee or any upfront payment after you verify the Landlord.Ensure you meet the Agent in an open location.The Agent does not represent PropertyPro and PropertyPro is not liable for any monetary transaction between you and the Agent.",9PKYW,14-Apr-26,24-Apr-26,https://www.propertypro.ng/property/3-bedroom-house-for-rent-river-park-estate-lugbe-abuja-9PKYW
Spacious 3 Bedroom Bungalow With A Bq,6000000,rent,Lugbe,Lugbe,Von Garden Estate Lugbe Abuja,3,4,4,Bungalow,"Safety TipsDo not make any inspection fee without seeing the agent and property.Only pay Rental fee, Sales fee or any upfront payment after you verify the Landlord.Ensure you meet the Agent in an open location.The Agent does not represent PropertyPro and PropertyPro is not liable for any monetary transaction between you and the Agent.",6PJJT,31-Mar-26,24-Apr-26,https://www.propertypro.ng/property/3-bedroom-house-for-rent-von-garden-estate-lugbe-abuja-6PJJT
Newly Built 1 Bedroom Apartment,1800000,rent,Lugbe,Lugbe,"Pyakasa, Lugbe Abuja",1,1,1,Flat/Apartment,"Safety TipsDo not make any inspection fee without seeing the agent and property.Only pay Rental fee, Sales fee or any upfront payment after you verify the Landlord.Ensure you meet the Agent in an open location.The Agent does not represent PropertyPro and PropertyPro is not liable for any monetary transaction between you and the Agent.",8PHKB,21-Mar-26,24-Apr-26,https://www.propertypro.ng/property/1-bedroom-house-for-rent-pyakasa-lugbe-abuja-8PHKB
Newly Built And Very Standard 1 Bedroom,1800000,rent,Lugbe,Lugbe,Pyakasa Lugbe Lugbe Abuja,1,2,2,House,"Safety TipsDo not make any inspection fee without seeing the agent and property.Only pay Rental fee, Sales fee or any upfront payment after you verify the Landlord.Ensure you meet the Agent in an open location.The Agent does not represent PropertyPro and PropertyPro is not liable for any monetary transaction between you and the Agent.",1PKXX,14-Apr-26,24-Apr-26,https://www.propertypro.ng/property/1-bedroom-house-for-rent-pyakasa-lugbe-lugbe-abuja-1PKXX
Newly Built 4 Bedroom Terrace Duplex,7000000,rent,Lugbe,Lugbe,Seaman Estate Lugbe Abuja,4,5,5,Terraced Duplex,"Safety TipsDo not make any inspection fee without seeing the agent and property.Only pay Rental fee, Sales fee or any upfront payment after you verify the Landlord.Ensure you meet the Agent in an open location.The Agent does not represent PropertyPro and PropertyPro is not liable for any monetary transaction between you and the Agent.",9PKGS,08-Apr-26,24-Apr-26,https://www.propertypro.ng/property/4-bedroom-house-for-rent-seaman-estate-lugbe-abuja-9PKGS
3 Bedroom Bungalow With Bq,4000000,rent,Lugbe,Lugbe,Seaman Estate Lugbe Abuja,3,4,4,Bungalow,"Safety TipsDo not make any inspection fee without seeing the agent and property.Only pay Rental fee, Sales fee or any upfront payment after you verify the Landlord.Ensure you meet the Agent in an open location.The Agent does not represent PropertyPro and PropertyPro is not liable for any monetary transaction between you and the Agent.",2PHSZ,24-Mar-26,24-Apr-26,https://www.propertypro.ng/property/3-bedroom-house-for-rent-seaman-estate-lugbe-abuja-2PHSZ
Sharp 2 Bedroom Bungalow,4500000,rent,Lugbe,Lugbe,Along Von Garden Estate Road Lugbe Abuja,2,3,3,Bungalow,"Safety TipsDo not make any inspection fee without seeing the agent and property.Only pay Rental fee, Sales fee or any upfront payment after you verify the Landlord.Ensure you meet the Agent in an open location.The Agent does not represent PropertyPro and PropertyPro is not liable for any monetary transaction between you and the Agent.",7PJRT,02-Apr-26,24-Apr-26,https://www.propertypro.ng/property/2-bedroom-house-for-rent-along-von-garden-estate-road-lugbe-abuja-7PJRT
Standard 2 Bedroom Block Of Flats,2800000,rent,Lugbe,Lugbe,"Fha, Lugbe Abuja",2,3,3,Flat/Apartment,"Safety TipsDo not make any inspection fee without seeing the agent and property.Only pay Rental fee, Sales fee or any upfront payment after you verify the Landlord.Ensure you meet the Agent in an open location.The Agent does not represent PropertyPro and PropertyPro is not liable for any monetary transaction between you and the Agent.",6PKDG,07-Apr-26,24-Apr-26,https://www.propertypro.ng/property/2-bedroom-house-for-rent-fha-lugbe-abuja-6PKDG
Newly Built And Very Sharp 1 Bedroom Apartment,1800000,rent,Lugbe,Lugbe,Pyakasa Lugbe Lugbe Abuja,1,2,2,Flat/Apartment,"Safety TipsDo not make any inspection fee without seeing the agent and property.Only pay Rental fee, Sales fee or any upfront payment after you verify the Landlord.Ensure you meet the Agent in an open location.The Agent does not represent PropertyPro and PropertyPro is not liable for any monetary transaction between you and the Agent.",1PHFY,20-Mar-26,24-Apr-26,https://www.propertypro.ng/property/1-bedroom-house-for-rent-pyakasa-lugbe-lugbe-abuja-1PHFY
Sharp 3 Bedroom Bungalow,4000000,rent,Lugbe,Lugbe,Von Garden Estate Lugbe Abuja,3,4,4,Bungalow,"Safety TipsDo not make any inspection fee without seeing the agent and property.Only pay Rental fee, Sales fee or any upfront payment after you verify the Landlord.Ensure you meet the Agent in an open location.The Agent does not represent PropertyPro and PropertyPro is not liable for any monetary transaction between you and the Agent.",4PJJT,31-Mar-26,24-Apr-26,https://www.propertypro.ng/property/3-bedroom-house-for-rent-von-garden-estate-lugbe-abuja-4PJJT
Newly Built 2 Bedroom Block Of Flats,2500000,rent,Lugbe,Lugbe,Pyakasa Lugbe Lugbe Abuja,2,3,3,Flat/Apartment,"Safety TipsDo not make any inspection fee without seeing the agent and property.Only pay Rental fee, Sales fee or any upfront payment after you verify the Landlord.Ensure you meet the Agent in an open location.The Agent does not represent PropertyPro and PropertyPro is not liable for any monetary transaction between you and the Agent.",9PKZN,14-Apr-26,24-Apr-26,https://www.propertypro.ng/property/2-bedroom-house-for-rent-pyakasa-lugbe-lugbe-abuja-9PKZN
Sharp 3 Bedroom Bungalow,4700000,rent,Lugbe,Lugbe,Kapua Lugbe Abuja,3,3,,Bungalow,"Safety TipsDo not make any inspection fee without seeing the agent and property.Only pay Rental fee, Sales fee or any upfront payment after you verify the Landlord.Ensure you meet the Agent in an open location.The Agent does not represent PropertyPro and PropertyPro is not liable for any monetary transaction between you and the Agent.",6PKHK,08-Apr-26,24-Apr-26,https://www.propertypro.ng/property/3-bedroom-house-for-rent-kapua-lugbe-abuja-6PKHK
Newly Built 4 Bedroom Fully Detached Duplex,6000000,rent,Lugbe,Lugbe,"Along Von Garden Estate Road, Lugbe Abuja",4,5,5,Detached Duplex,"Safety TipsDo not make any inspection fee without seeing the agent and property.Only pay Rental fee, Sales fee or any upfront payment after you verify the Landlord.Ensure you meet the Agent in an open location.The Agent does not represent PropertyPro and PropertyPro is not liable for any monetary transaction between you and the Agent.",5PKDJ,07-Apr-26,24-Apr-26,https://www.propertypro.ng/property/4-bedroom-house-for-rent-along-von-garden-estate-road-lugbe-abuja-5PKDJ
Standard 3 Bedroom Semi Detached Duplex,7500000,rent,Lugbe,Lugbe,River Park Estate Lugbe Abuja,3,4,4,Semi-Detached Duplex,"Safety TipsDo not make any inspection fee without seeing the agent and property.Only pay Rental fee, Sales fee or any upfront payment after you verify the Landlord.Ensure you meet the Agent in an open location.The Agent does not represent PropertyPro and PropertyPro is not liable for any monetary transaction between you and the Agent.",2PKYY,14-Apr-26,24-Apr-26,https://www.propertypro.ng/property/3-bedroom-house-for-rent-river-park-estate-lugbe-abuja-2PKYY
Sharp 2 Bedroom Semi Detached Bungalow,2500000,rent,Lugbe,Lugbe,Lugbe Airport Road Lugbe Abuja,2,3,3,Bungalow,"Safety TipsDo not make any inspection fee without seeing the agent and property.Only pay Rental fee, Sales fee or any upfront payment after you verify the Landlord.Ensure you meet the Agent in an open location.The Agent does not represent PropertyPro and PropertyPro is not liable for any monetary transaction between you and the Agent.",1PJRP,02-Apr-26,24-Apr-26,https://www.propertypro.ng/property/2-bedroom-house-for-rent-lugbe-airport-road-lugbe-abuja-1PJRP
Serviced 3 Bedroom Terrace Duplex With Bq,13000000,rent,Jabi,Jabi,Jabi Abuja,3,3,4,Terraced Duplex,"Safety TipsDo not make any inspection fee without seeing the agent and property.Only pay Rental fee, Sales fee or any upfront payment after you verify the Landlord.Ensure you meet the Agent in an open location.The Agent does not represent PropertyPro and PropertyPro is not liable for any monetary transaction between you and the Agent.",0PHZZ,27-Mar-26,24-Apr-26,https://www.propertypro.ng/property/3-bedroom-house-for-rent-jabi-abuja-0PHZZ
Newly Built 2 Bedroom Flat,6500000,rent,Jabi,Jabi,By Airport Jabi Abuja,2,3,,Flat/Apartment,"Safety TipsDo not make any inspection fee without seeing the agent and property.Only pay Rental fee, Sales fee or any upfront payment after you verify the Landlord.Ensure you meet the Agent in an open location.The Agent does not represent PropertyPro and PropertyPro is not liable for any monetary transaction between you and the Agent.",7PESD,26-Feb-26,24-Apr-26,https://www.propertypro.ng/property/2-bedroom-house-for-rent-by-airport-jabi-abuja-7PESD
3 Bedrooms Terrace Duplex With Bq,15000000,rent,Jabi,Jabi,Jabi Jabi Abuja,3,4,4,Terraced Duplex,"Safety TipsDo not make any inspection fee without seeing the agent and property.Only pay Rental fee, Sales fee or any upfront payment after you verify the Landlord.Ensure you meet the Agent in an open location.The Agent does not represent PropertyPro and PropertyPro is not liable for any monetary transaction between you and the Agent.",5PLEY,16-Apr-26,24-Apr-26,https://www.propertypro.ng/property/3-bedroom-house-for-rent-jabi-jabi-abuja-5PLEY
Spacious 3 Bedroom Flat,7000000,rent,Jabi,Jabi,Jabi Jabi Abuja,3,3,,Flat/Apartment,"Safety TipsDo not make any inspection fee without seeing the agent and property.Only pay Rental fee, Sales fee or any upfront payment after you verify the Landlord.Ensure you meet the Agent in an open location.The Agent does not represent PropertyPro and PropertyPro is not liable for any monetary transaction between you and the Agent.",4PKXE,14-Apr-26,24-Apr-26,https://www.propertypro.ng/property/3-bedroom-flat-apartment-for-rent-jabi-jabi-abuja-4PKXE
Brand New 4 Bedroom Detached Duplex With 1 Bq,35000000,rent,Jabi,Jabi,"Jabi District Abuja Diplomatic Zone, Jabi Abuja",4,5,5,Detached Duplex,"Safety TipsDo not make any inspection fee without seeing the agent and property.Only pay Rental fee, Sales fee or any upfront payment after you verify the Landlord.Ensure you meet the Agent in an open location.The Agent does not represent PropertyPro and PropertyPro is not liable for any monetary transaction between you and the Agent.",7NZEP,09-Jan-26,24-Apr-26,https://www.propertypro.ng/property/4-bedroom-house-for-rent-jabi-district-abuja-diplomatic-zone-jabi-abuja-7NZEP
Newly Built 2 Bedroom Flat,9000000,rent,Jabi,Jabi,"Jabi , Abuja Jabi Abuja",2,2,3,Flat/Apartment,"Safety TipsDo not make any inspection fee without seeing the agent and property.Only pay Rental fee, Sales fee or any upfront payment after you verify the Landlord.Ensure you meet the Agent in an open location.The Agent does not represent PropertyPro and PropertyPro is not liable for any monetary transaction between you and the Agent.",3PJSD,02-Apr-26,24-Apr-26,https://www.propertypro.ng/property/2-bedroom-flat-apartment-for-rent-jabi-abuja-jabi-abuja-3PJSD
4 Bedroom Duplex,4000000,rent,Jabi,Jabi,"Jabi , Abuja Jabi Abuja",4,4,5,Detached Duplex,"Safety TipsDo not make any inspection fee without seeing the agent and property.Only pay Rental fee, Sales fee or any upfront payment after you verify the Landlord.Ensure you meet the Agent in an open location.The Agent does not represent PropertyPro and PropertyPro is not liable for any monetary transaction between you and the Agent.",8PKNC,10-Apr-26,24-Apr-26,https://www.propertypro.ng/property/4-bedroom-house-for-rent-jabi-abuja-jabi-abuja-8PKNC
5 Bedroom Semi Detached Duplex,20000000,rent,Jabi,Jabi,"Jabi Main, Jabi Abuja",5,5,5,Semi-Detached Duplex,"Safety TipsDo not make any inspection fee without seeing the agent and property.Only pay Rental fee, Sales fee or any upfront payment after you verify the Landlord.Ensure you meet the Agent in an open location.The Agent does not represent PropertyPro and PropertyPro is not liable for any monetary transaction between you and the Agent.",3PDXS,19-Feb-26,24-Apr-26,https://www.propertypro.ng/property/5-bedroom-house-for-rent-jabi-main-jabi-abuja-3PDXS
4 Bedroom Semi Detached Duplex,15000000,rent,Jabi,Jabi,"Jabi Main, Jabi Abuja",4,4,5,Semi-Detached Duplex,"Safety TipsDo not make any inspection fee without seeing the agent and property.Only pay Rental fee, Sales fee or any upfront payment after you verify the Landlord.Ensure you meet the Agent in an open location.The Agent does not represent PropertyPro and PropertyPro is not liable for any monetary transaction between you and the Agent.",6PFHN,03-Mar-26,24-Apr-26,https://www.propertypro.ng/property/4-bedroom-house-for-rent-jabi-main-jabi-abuja-6PFHN
Newly Built 2 Bedroom Flat,4000000,rent,Jabi,Jabi,"Jabi Before Citec, Jabi Abuja",2,2,3,Flat/Apartment,"Safety TipsDo not make any inspection fee without seeing the agent and property.Only pay Rental fee, Sales fee or any upfront payment after you verify the Landlord.Ensure you meet the Agent in an open location.The Agent does not represent PropertyPro and PropertyPro is not liable for any monetary transaction between you and the Agent.",0PERK,25-Feb-26,24-Apr-26,https://www.propertypro.ng/property/2-bedroom-flat-apartment-for-rent-jabi-before-citec-jabi-abuja-0PERK
Newly Built 2 Bedroom Flat,4000000,rent,Jabi,Jabi,"Before Citec, Jabi Abuja",2,2,3,Flat/Apartment,"Safety TipsDo not make any inspection fee without seeing the agent and property.Only pay Rental fee, Sales fee or any upfront payment after you verify the Landlord.Ensure you meet the Agent in an open location.The Agent does not represent PropertyPro and PropertyPro is not liable for any monetary transaction between you and the Agent.",4PESF,26-Feb-26,24-Apr-26,https://www.propertypro.ng/property/2-bedroom-flat-apartment-for-rent-before-citec-jabi-abuja-4PESF
Furnished 4 Bedroom Semi Detached Duplex,25000000,rent,Jabi,Jabi,Jabi Abuja,4,4,5,Semi-Detached Duplex,"Safety TipsDo not make any inspection fee without seeing the agent and property.Only pay Rental fee, Sales fee or any upfront payment after you verify the Landlord.Ensure you meet the Agent in an open location.The Agent does not represent PropertyPro and PropertyPro is not liable for any monetary transaction between you and the Agent.",8PEZU,28-Feb-26,24-Apr-26,https://www.propertypro.ng/property/4-bedroom-house-for-rent-jabi-abuja-8PEZU
Big Self Contain ( 2years Rent Required),2500000,rent,Katampe,Katampe,"Katampe Extension, Abuja Katampe Abuja",1,1,1,Flat/Apartment,"Safety TipsDo not make any inspection fee without seeing the agent and property.Only pay Rental fee, Sales fee or any upfront payment after you verify the Landlord.Ensure you meet the Agent in an open location.The Agent does not represent PropertyPro and PropertyPro is not liable for any monetary transaction between you and the Agent.",7PMFU,25-Apr-26,25-Apr-26,https://www.propertypro.ng/property/1-bedroom-flat-apartment-for-rent-katampe-extension-abuja-katampe-abuja-7PMFU
4 Bedroom Terraced Duplex With 2 Bq,20000000,rent,Katampe,Katampe,"Katampe Extention Diplomatic Zone, Katampe Extension Katampe Abuja",4,4,5,Terraced Duplex,"Safety TipsDo not make any inspection fee without seeing the agent and property.Only pay Rental fee, Sales fee or any upfront payment after you verify the Landlord.Ensure you meet the Agent in an open location.The Agent does not represent PropertyPro and PropertyPro is not liable for any monetary transaction between you and the Agent.",0PGSJ,15-Mar-26,24-Apr-26,https://www.propertypro.ng/property/4-bedroom-house-for-rent-katampe-extention-diplomatic-zone-katampe-extension-katampe-abuja-0PGSJ
6 Bedroom Detached Duplex,30000000,rent,Katampe,Katampe,Diplomatic Zone Katampe Extension Katampe Abuja,6,6,7,Detached Duplex,"Safety TipsDo not make any inspection fee without seeing the agent and property.Only pay Rental fee, Sales fee or any upfront payment after you verify the Landlord.Ensure you meet the Agent in an open location.The Agent does not represent PropertyPro and PropertyPro is not liable for any monetary transaction between you and the Agent.",8PFBC,01-Mar-26,24-Apr-26,https://www.propertypro.ng/property/6-bedroom-house-for-rent-diplomatic-zone-katampe-extension-katampe-abuja-8PFBC
A Good Spacious 2 Bedroom Flat,7000000,rent,Katampe,Katampe,Diplomatic Zone. (video Of The Apartment Is Available) Katampe Extension Katampe Abuja,2,2,3,Flat/Apartment,"Safety TipsDo not make any inspection fee without seeing the agent and property.Only pay Rental fee, Sales fee or any upfront payment after you verify the Landlord.Ensure you meet the Agent in an open location.The Agent does not represent PropertyPro and PropertyPro is not liable for any monetary transaction between you and the Agent.",9PHTE,25-Mar-26,24-Apr-26,https://www.propertypro.ng/property/2-bedroom-flat-apartment-for-rent-diplomatic-zone-video-of-the-apartment-is-available-katampe-extension-katampe-abuja-9PHTE
A Good Spacious 4 Bedroom Terrace Duplex + 1bq,16000000,rent,Katampe,Katampe,Diplomatic Zone. Katampe Extension Katampe Abuja,4,4,5,Terraced Duplex,"Safety TipsDo not make any inspection fee without seeing the agent and property.Only pay Rental fee, Sales fee or any upfront payment after you verify the Landlord.Ensure you meet the Agent in an open location.The Agent does not represent PropertyPro and PropertyPro is not liable for any monetary transaction between you and the Agent.",1PKHS,09-Apr-26,24-Apr-26,https://www.propertypro.ng/property/4-bedroom-house-for-rent-diplomatic-zone-katampe-extension-katampe-abuja-1PKHS
Well Built 4 Bedroom Semi Detached Duplex,30000000,rent,Katampe,Katampe,"Diplomatic Zone, Katampe Extension Katampe Abuja",4,4,5,Semi-Detached Duplex,"Safety TipsDo not make any inspection fee without seeing the agent and property.Only pay Rental fee, Sales fee or any upfront payment after you verify the Landlord.Ensure you meet the Agent in an open location.The Agent does not represent PropertyPro and PropertyPro is not liable for any monetary transaction between you and the Agent.",5PGTP,16-Mar-26,24-Apr-26,https://www.propertypro.ng/property/4-bedroom-house-for-rent-diplomatic-zone-katampe-extension-katampe-abuja-5PGTP
A Furnished & Serviced 4 Bedroom Terrace Duplex + 1bq,23000000,rent,Katampe,Katampe,Diplomatic Zone. Katampe Extension Katampe Abuja,4,4,5,Terraced Duplex,"Safety TipsDo not make any inspection fee without seeing the agent and property.Only pay Rental fee, Sales fee or any upfront payment after you verify the Landlord.Ensure you meet the Agent in an open location.The Agent does not represent PropertyPro and PropertyPro is not liable for any monetary transaction between you and the Agent.",3PLRL,21-Apr-26,24-Apr-26,https://www.propertypro.ng/property/4-bedroom-house-for-rent-diplomatic-zone-katampe-extension-katampe-abuja-3PLRL
6 Bedroom Terraced Duplex With 1 Bq,30000000,rent,Katampe,Katampe,"Diplomatic Zone, Katampe Extension Katampe Abuja",6,6,7,Terraced Duplex,"Safety TipsDo not make any inspection fee without seeing the agent and property.Only pay Rental fee, Sales fee or any upfront payment after you verify the Landlord.Ensure you meet the Agent in an open location.The Agent does not represent PropertyPro and PropertyPro is not liable for any monetary transaction between you and the Agent.",1PGTQ,16-Mar-26,24-Apr-26,https://www.propertypro.ng/property/6-bedroom-house-for-rent-diplomatic-zone-katampe-extension-katampe-abuja-1PGTQ
3 Bedroom Flat,12000000,rent,Katampe,Katampe,Katampe Main Katampe Abuja,3,4,4,Flat/Apartment,"Safety TipsDo not make any inspection fee without seeing the agent and property.Only pay Rental fee, Sales fee or any upfront payment after you verify the Landlord.Ensure you meet the Agent in an open location.The Agent does not represent PropertyPro and PropertyPro is not liable for any monetary transaction between you and the Agent.",3PGJR,12-Mar-26,24-Apr-26,https://www.propertypro.ng/property/3-bedroom-flat-apartment-for-rent-katampe-main-katampe-abuja-3PGJR
"Executive 2bedroom Flat Apartment, At Katampe",23000000,rent,Katampe,Katampe,Katampe Main Katampe Abuja,2,2,3,Flat/Apartment,"Safety TipsDo not make any inspection fee without seeing the agent and property.Only pay Rental fee, Sales fee or any upfront payment after you verify the Landlord.Ensure you meet the Agent in an open location.The Agent does not represent PropertyPro and PropertyPro is not liable for any monetary transaction between you and the Agent.",5PJCU,28-Mar-26,24-Apr-26,https://www.propertypro.ng/property/2-bedroom-house-for-rent-katampe-main-katampe-abuja-5PJCU
Serviced 4 Bedroom Terrace Duplex With Bq,16000000,rent,Katampe,Katampe,Katempe Extension Katampe Extension Katampe Abuja,4,6,6,Terraced Duplex,"Safety TipsDo not make any inspection fee without seeing the agent and property.Only pay Rental fee, Sales fee or any upfront payment after you verify the Landlord.Ensure you meet the Agent in an open location.The Agent does not represent PropertyPro and PropertyPro is not liable for any monetary transaction between you and the Agent.",1PKLW,10-Apr-26,24-Apr-26,https://www.propertypro.ng/property/4-bedroom-house-for-rent-katempe-extension-katampe-extension-katampe-abuja-1PKLW
Brand New Fully Detached 7 Bedroom Duplex With Bq,50000000,rent,Katampe,Katampe,Katampe Extension Katampe Abuja,7,7,7,Detached Duplex,"Safety TipsDo not make any inspection fee without seeing the agent and property.Only pay Rental fee, Sales fee or any upfront payment after you verify the Landlord.Ensure you meet the Agent in an open location.The Agent does not represent PropertyPro and PropertyPro is not liable for any monetary transaction between you and the Agent.",3PHHE,20-Mar-26,24-Apr-26,https://www.propertypro.ng/property/7-bedroom-house-for-rent-katampe-extension-katampe-abuja-3PHHE
Luxurious 5 Bedroom Semi Detached Duplex,30000000,rent,Katampe,Katampe,Katampe Extension Katampe Abuja,5,5,6,Semi-Detached Duplex,"Safety TipsDo not make any inspection fee without seeing the agent and property.Only pay Rental fee, Sales fee or any upfront payment after you verify the Landlord.Ensure you meet the Agent in an open location.The Agent does not represent PropertyPro and PropertyPro is not liable for any monetary transaction between you and the Agent.",3PJSK,02-Apr-26,24-Apr-26,https://www.propertypro.ng/property/5-bedroom-house-for-rent-katampe-extension-katampe-abuja-3PJSK
2 Bedroom Flat,3500000,rent,Katampe,Katampe,"By Maitama, Katampe Abuja",2,2,3,Flat/Apartment,"Safety TipsDo not make any inspection fee without seeing the agent and property.Only pay Rental fee, Sales fee or any upfront payment after you verify the Landlord.Ensure you meet the Agent in an open location.The Agent does not represent PropertyPro and PropertyPro is not liable for any monetary transaction between you and the Agent.",1PDNL,17-Feb-26,24-Apr-26,https://www.propertypro.ng/property/2-bedroom-flat-apartment-for-rent-by-maitama-katampe-abuja-1PDNL
Newly Built 6 Bedroom Fully Detached Duplex With Bq,30000000,rent,Katampe,Katampe,"Katampe Extension, Katampe Abuja",6,6,7,Detached Duplex,"Safety TipsDo not make any inspection fee without seeing the agent and property.Only pay Rental fee, Sales fee or any upfront payment after you verify the Landlord.Ensure you meet the Agent in an open location.The Agent does not represent PropertyPro and PropertyPro is not liable for any monetary transaction between you and the Agent.",0PFAP,01-Mar-26,24-Apr-26,https://www.propertypro.ng/property/6-bedroom-house-for-rent-katampe-extension-katampe-abuja-0PFAP
2 Bedroom Flat,3500000,rent,Katampe,Katampe,"By Maitama, Katampe Abuja",2,2,3,Flat/Apartment,"Safety TipsDo not make any inspection fee without seeing the agent and property.Only pay Rental fee, Sales fee or any upfront payment after you verify the Landlord.Ensure you meet the Agent in an open location.The Agent does not represent PropertyPro and PropertyPro is not liable for any monetary transaction between you and the Agent.",1PHFQ,19-Mar-26,24-Apr-26,https://www.propertypro.ng/property/2-bedroom-flat-apartment-for-rent-by-maitama-katampe-abuja-1PHFQ
Newly Built 5 Bedroom Semi Detached Duplex With Bq,30000000,rent,Katampe,Katampe,Katampe Extension Katampe Abuja,5,6,6,Semi-Detached Duplex,"Safety TipsDo not make any inspection fee without seeing the agent and property.Only pay Rental fee, Sales fee or any upfront payment after you verify the Landlord.Ensure you meet the Agent in an open location.The Agent does not represent PropertyPro and PropertyPro is not liable for any monetary transaction between you and the Agent.",7PJUD,03-Apr-26,24-Apr-26,https://www.propertypro.ng/property/5-bedroom-house-for-rent-katampe-extension-katampe-abuja-7PJUD
Luxury 5 Bedroom Terrace Duplex With Bq,17000000,rent,Katampe,Katampe,Katampe Extension Katampe Abuja,5,6,6,Terraced Duplex,"Safety TipsDo not make any inspection fee without seeing the agent and property.Only pay Rental fee, Sales fee or any upfront payment after you verify the Landlord.Ensure you meet the Agent in an open location.The Agent does not represent PropertyPro and PropertyPro is not liable for any monetary transaction between you and the Agent.",4PLJH,17-Apr-26,23-Apr-26,https://www.propertypro.ng/property/5-bedroom-house-for-rent-katampe-extension-katampe-abuja-4PLJH
One Bedroom Flat (to Be Furnished & 24hrs Light),3600000,rent,Life-Camp,Camp,"Life Camp By Stella Maris School, Life Camp Abuja Life Camp Abuja",1,1,1,Flat/Apartment,"Safety TipsDo not make any inspection fee without seeing the agent and property.Only pay Rental fee, Sales fee or any upfront payment after you verify the Landlord.Ensure you meet the Agent in an open location.The Agent does not represent PropertyPro and PropertyPro is not liable for any monetary transaction between you and the Agent.",4PMFD,25-Apr-26,25-Apr-26,https://www.propertypro.ng/property/1-bedroom-flat-apartment-for-rent-life-camp-by-stella-maris-school-life-camp-abuja-life-camp-abuja-4PMFD
Newly Built 4 Bedroom Terraced Duplex With Bq,10000000,rent,Life-Camp,Camp,"Life Camp In A Secured And Serene Estate, Life Camp Abuja",4,4,5,Terraced Duplex,"Safety TipsDo not make any inspection fee without seeing the agent and property.Only pay Rental fee, Sales fee or any upfront payment after you verify the Landlord.Ensure you meet the Agent in an open location.The Agent does not represent PropertyPro and PropertyPro is not liable for any monetary transaction between you and the Agent.",0NVTK,26-Nov-25,24-Apr-26,https://www.propertypro.ng/property/4-bedroom-house-for-rent-life-camp-in-a-secured-and-serene-estate-life-camp-abuja-0NVTK
4 Bedroom Terrace Duplex With Bq,13000000,rent,Life-Camp,Camp,Life Camp Abuja,4,4,5,Terraced Duplex,"Safety TipsDo not make any inspection fee without seeing the agent and property.Only pay Rental fee, Sales fee or any upfront payment after you verify the Landlord.Ensure you meet the Agent in an open location.The Agent does not represent PropertyPro and PropertyPro is not liable for any monetary transaction between you and the Agent.",8PGKN,12-Mar-26,24-Apr-26,https://www.propertypro.ng/property/4-bedroom-house-for-rent-life-camp-abuja-8PGKN
Spacious 4 Bedroom Terraced Duplex,7500000,rent,Life-Camp,Camp,Life Camp Abuja,4,4,5,Terraced Duplex,"Safety TipsDo not make any inspection fee without seeing the agent and property.Only pay Rental fee, Sales fee or any upfront payment after you verify the Landlord.Ensure you meet the Agent in an open location.The Agent does not represent PropertyPro and PropertyPro is not liable for any monetary transaction between you and the Agent.",1PCPL,09-Feb-26,24-Apr-26,https://www.propertypro.ng/property/4-bedroom-house-for-rent-life-camp-abuja-1PCPL
4 Bedroom Semi Detached Duplex,14000000,rent,Life-Camp,Camp,Life Camp Abuja,4,4,5,Semi-Detached Duplex,"Safety TipsDo not make any inspection fee without seeing the agent and property.Only pay Rental fee, Sales fee or any upfront payment after you verify the Landlord.Ensure you meet the Agent in an open location.The Agent does not represent PropertyPro and PropertyPro is not liable for any monetary transaction between you and the Agent.",5PCXF,11-Feb-26,24-Apr-26,https://www.propertypro.ng/property/4-bedroom-house-for-rent-life-camp-abuja-5PCXF
Newly Built 4 Bedroom Terrace Duplex With Bq,10000000,rent,Life-Camp,Camp,Life Camp Life Camp Abuja,4,4,5,Terraced Duplex,"Safety TipsDo not make any inspection fee without seeing the agent and property.Only pay Rental fee, Sales fee or any upfront payment after you verify the Landlord.Ensure you meet the Agent in an open location.The Agent does not represent PropertyPro and PropertyPro is not liable for any monetary transaction between you and the Agent.",7PDGM,15-Feb-26,24-Apr-26,https://www.propertypro.ng/property/4-bedroom-house-for-rent-life-camp-life-camp-abuja-7PDGM
Newly Built 4 Bedroom Terraced Duplex,9000000,rent,Life-Camp,Camp,Life Camp Abuja,4,4,5,Terraced Duplex,"Safety TipsDo not make any inspection fee without seeing the agent and property.Only pay Rental fee, Sales fee or any upfront payment after you verify the Landlord.Ensure you meet the Agent in an open location.The Agent does not represent PropertyPro and PropertyPro is not liable for any monetary transaction between you and the Agent.",8PBMP,29-Jan-26,24-Apr-26,https://www.propertypro.ng/property/4-bedroom-house-for-rent-life-camp-abuja-8PBMP
Newly Built 4 Bedroom Terrace Duplex,9500000,rent,Life-Camp,Camp,Life Camp Life Camp Abuja,4,4,5,Terraced Duplex,"Safety TipsDo not make any inspection fee without seeing the agent and property.Only pay Rental fee, Sales fee or any upfront payment after you verify the Landlord.Ensure you meet the Agent in an open location.The Agent does not represent PropertyPro and PropertyPro is not liable for any monetary transaction between you and the Agent.",8PDGN,15-Feb-26,24-Apr-26,https://www.propertypro.ng/property/4-bedroom-house-for-rent-life-camp-life-camp-abuja-8PDGN
Newly Built 5 Bedroom Detached Duplex With Bq,25000000,rent,Life-Camp,Camp,Life Camp Abuja,5,5,6,Detached Duplex,"Safety TipsDo not make any inspection fee without seeing the agent and property.Only pay Rental fee, Sales fee or any upfront payment after you verify the Landlord.Ensure you meet the Agent in an open location.The Agent does not represent PropertyPro and PropertyPro is not liable for any monetary transaction between you and the Agent.",4PGLP,12-Mar-26,24-Apr-26,https://www.propertypro.ng/property/5-bedroom-house-for-rent-life-camp-abuja-4PGLP
4 Bedroom Terrace Duplex With Bq,8000000,rent,Life-Camp,Camp,Cornerpeice Life Camp Abuja,4,4,5,Terraced Duplex,"Safety TipsDo not make any inspection fee without seeing the agent and property.Only pay Rental fee, Sales fee or any upfront payment after you verify the Landlord.Ensure you meet the Agent in an open location.The Agent does not represent PropertyPro and PropertyPro is not liable for any monetary transaction between you and the Agent.",0NSRU,25-Oct-25,24-Apr-26,https://www.propertypro.ng/property/4-bedroom-house-for-rent-cornerpeice-life-camp-abuja-0NSRU
Massive 4bedroom Duplex With Bq ( Self Compound),8000000,rent,Life-Camp,Camp,"Cannan Estate, Life Camp, Abuja Life Camp Abuja",4,4,5,Detached Duplex,"Safety TipsDo not make any inspection fee without seeing the agent and property.Only pay Rental fee, Sales fee or any upfront payment after you verify the Landlord.Ensure you meet the Agent in an open location.The Agent does not represent PropertyPro and PropertyPro is not liable for any monetary transaction between you and the Agent.",1PLQX,20-Apr-26,24-Apr-26,https://www.propertypro.ng/property/4-bedroom-house-for-rent-cannan-estate-life-camp-abuja-life-camp-abuja-1PLQX
Furnished 2 Bedroom Flat,8500000,rent,Life-Camp,Camp,"By Stella Maris School, Life Camp Abuja",2,2,2,Flat/Apartment,"Safety TipsDo not make any inspection fee without seeing the agent and property.Only pay Rental fee, Sales fee or any upfront payment after you verify the Landlord.Ensure you meet the Agent in an open location.The Agent does not represent PropertyPro and PropertyPro is not liable for any monetary transaction between you and the Agent.",3PJPD,01-Apr-26,24-Apr-26,https://www.propertypro.ng/property/2-bedroom-flat-apartment-for-rent-by-stella-maris-school-life-camp-abuja-3PJPD
A Well Built Spacious 2 Bedroom Flat,4500000,rent,Life-Camp,Camp,Lifecamp District Abuja. Life Camp Abuja,2,2,3,Flat/Apartment,"Safety TipsDo not make any inspection fee without seeing the agent and property.Only pay Rental fee, Sales fee or any upfront payment after you verify the Landlord.Ensure you meet the Agent in an open location.The Agent does not represent PropertyPro and PropertyPro is not liable for any monetary transaction between you and the Agent.",7PLXP,23-Apr-26,24-Apr-26,https://www.propertypro.ng/property/2-bedroom-flat-apartment-for-rent-lifecamp-district-abuja-life-camp-abuja-7PLXP
A Brand New Spacious 3 Bedroom Flat,6000000,rent,Life-Camp,Camp,Lifecamp District Abuja Life Camp Abuja,3,3,4,Flat/Apartment,"Safety TipsDo not make any inspection fee without seeing the agent and property.Only pay Rental fee, Sales fee or any upfront payment after you verify the Landlord.Ensure you meet the Agent in an open location.The Agent does not represent PropertyPro and PropertyPro is not liable for any monetary transaction between you and the Agent.",0PLMG,19-Apr-26,24-Apr-26,https://www.propertypro.ng/property/3-bedroom-flat-apartment-for-rent-lifecamp-district-abuja-life-camp-abuja-0PLMG
A Well Built Spacious 4 Bedroom Terrace Duplex + 1bq,11000000,rent,Life-Camp,Camp,Lifecamp District Abuja. Life Camp Abuja,4,4,5,Terraced Duplex,"Safety TipsDo not make any inspection fee without seeing the agent and property.Only pay Rental fee, Sales fee or any upfront payment after you verify the Landlord.Ensure you meet the Agent in an open location.The Agent does not represent PropertyPro and PropertyPro is not liable for any monetary transaction between you and the Agent.",0PLXR,23-Apr-26,24-Apr-26,https://www.propertypro.ng/property/4-bedroom-house-for-rent-lifecamp-district-abuja-life-camp-abuja-0PLXR
Spacious 4 Bedroom Terraced Duplex With 1 Bq,7500000,rent,Life-Camp,Camp,"After The Magistrate Court, Life Camp Abuja",4,4,5,Terraced Duplex,"Safety TipsDo not make any inspection fee without seeing the agent and property.Only pay Rental fee, Sales fee or any upfront payment after you verify the Landlord.Ensure you meet the Agent in an open location.The Agent does not represent PropertyPro and PropertyPro is not liable for any monetary transaction between you and the Agent.",1PHPF,23-Mar-26,24-Apr-26,https://www.propertypro.ng/property/4-bedroom-house-for-rent-after-the-magistrate-court-life-camp-abuja-1PHPF
A Good Spacious 4 Bedroom Semi Detached Duplex,25000000,rent,Life-Camp,Camp,Lifecamp District Abuja. Life Camp Abuja,4,4,5,Semi-Detached Duplex,"Safety TipsDo not make any inspection fee without seeing the agent and property.Only pay Rental fee, Sales fee or any upfront payment after you verify the Landlord.Ensure you meet the Agent in an open location.The Agent does not represent PropertyPro and PropertyPro is not liable for any monetary transaction between you and the Agent.",5PJZD,05-Apr-26,24-Apr-26,https://www.propertypro.ng/property/4-bedroom-house-for-rent-lifecamp-district-abuja-life-camp-abuja-5PJZD
Newly Built 4 Bedroom Duplex,11000000,rent,Apo,Apo,By Brains And Hammers Estate Apo Abuja,4,4,5,Detached Duplex,"Safety TipsDo not make any inspection fee without seeing the agent and property.Only pay Rental fee, Sales fee or any upfront payment after you verify the Landlord.Ensure you meet the Agent in an open location.The Agent does not represent PropertyPro and PropertyPro is not liable for any monetary transaction between you and the Agent.",2PLHY,17-Apr-26,24-Apr-26,https://www.propertypro.ng/property/4-bedroom-house-for-rent-by-brains-and-hammers-estate-apo-abuja-2PLHY
Newly Built 3 Bedroom Flat With Bq,10000000,rent,Apo,Apo,Rockvale Manors Estate Apo Abuja,3,3,4,Flat/Apartment,"Safety TipsDo not make any inspection fee without seeing the agent and property.Only pay Rental fee, Sales fee or any upfront payment after you verify the Landlord.Ensure you meet the Agent in an open location.The Agent does not represent PropertyPro and PropertyPro is not liable for any monetary transaction between you and the Agent.",2PGWY,17-Mar-26,24-Apr-26,https://www.propertypro.ng/property/3-bedroom-house-for-rent-rockvale-manors-estate-apo-abuja-2PGWY
Newly Built 2 Bedroom Flat,5000000,rent,Apo,Apo,Inside An Estate Apo Resettlement Apo Abuja,2,2,2,Flat/Apartment,"Safety TipsDo not make any inspection fee without seeing the agent and property.Only pay Rental fee, Sales fee or any upfront payment after you verify the Landlord.Ensure you meet the Agent in an open location.The Agent does not represent PropertyPro and PropertyPro is not liable for any monetary transaction between you and the Agent.",6PEYH,27-Feb-26,24-Apr-26,https://www.propertypro.ng/property/2-bedroom-flat-apartment-for-rent-inside-an-estate-apo-resettlement-apo-abuja-6PEYH
4 Bedroom Terraced Duplex With 1 Bq,13000000,rent,Apo,Apo,"Apo By Gudu Junction, By Ceadercrest Hospital Apo Abuja",4,4,5,Terraced Duplex,"Safety TipsDo not make any inspection fee without seeing the agent and property.Only pay Rental fee, Sales fee or any upfront payment after you verify the Landlord.Ensure you meet the Agent in an open location.The Agent does not represent PropertyPro and PropertyPro is not liable for any monetary transaction between you and the Agent.",5PHJA,21-Mar-26,24-Apr-26,https://www.propertypro.ng/property/4-bedroom-house-for-rent-apo-by-gudu-junction-by-ceadercrest-hospital-apo-abuja-5PHJA
Spacious 4 Bedroom Terrace Duplex With Bq,10000000,rent,Apo,Apo,"Apo Gudu District,( By Cedarcrest Hospital) Apo Abuja",4,4,5,Terraced Duplex,"Safety TipsDo not make any inspection fee without seeing the agent and property.Only pay Rental fee, Sales fee or any upfront payment after you verify the Landlord.Ensure you meet the Agent in an open location.The Agent does not represent PropertyPro and PropertyPro is not liable for any monetary transaction between you and the Agent.",3PJEL,29-Mar-26,24-Apr-26,https://www.propertypro.ng/property/4-bedroom-house-for-rent-apo-gudu-district-by-cedarcrest-hospital-apo-abuja-3PJEL
Luxury Finished 3 Bedroom Flat,10000000,rent,Apo,Apo,Apo Apo Abuja,3,3,,Flat/Apartment,"Safety TipsDo not make any inspection fee without seeing the agent and property.Only pay Rental fee, Sales fee or any upfront payment after you verify the Landlord.Ensure you meet the Agent in an open location.The Agent does not represent PropertyPro and PropertyPro is not liable for any monetary transaction between you and the Agent.",4PJZZ,06-Apr-26,24-Apr-26,https://www.propertypro.ng/property/3-bedroom-flat-apartment-for-rent-apo-apo-abuja-4PJZZ
1 Bedroom Bungalow 2 Toilets,2000000,rent,Apo,Apo,Apo Resettlement Apo Abuja,1,2,2,Bungalow,"Safety TipsDo not make any inspection fee without seeing the agent and property.Only pay Rental fee, Sales fee or any upfront payment after you verify the Landlord.Ensure you meet the Agent in an open location.The Agent does not represent PropertyPro and PropertyPro is not liable for any monetary transaction between you and the Agent.",1PLKY,18-Apr-26,24-Apr-26,https://www.propertypro.ng/property/1-bedroom-flat-apartment-for-rent-apo-resettlement-apo-abuja-1PLKY
2 Bedroom Apartment,4500000,rent,Apo,Apo,Apo Resettlement Zone E Extension Tarred Road Apo Abuja,2,3,,Flat/Apartment,"Safety TipsDo not make any inspection fee without seeing the agent and property.Only pay Rental fee, Sales fee or any upfront payment after you verify the Landlord.Ensure you meet the Agent in an open location.The Agent does not represent PropertyPro and PropertyPro is not liable for any monetary transaction between you and the Agent.",1PDEU,14-Feb-26,24-Apr-26,https://www.propertypro.ng/property/2-bedroom-flat-apartment-for-rent-apo-resettlement-zone-e-extension-tarred-road-apo-abuja-1PDEU
Premium 4 Bedroom Serviced Apartment,3000000,rent,Apo,Apo,"Apo Legislative Quarters Zone E , 1 Abba Kyari Close, Zone B Apo Abuja",4,4,4,Flat/Apartment,"Safety TipsDo not make any inspection fee without seeing the agent and property.Only pay Rental fee, Sales fee or any upfront payment after you verify the Landlord.Ensure you meet the Agent in an open location.The Agent does not represent PropertyPro and PropertyPro is not liable for any monetary transaction between you and the Agent.",3PHJU,21-Mar-26,24-Apr-26,https://www.propertypro.ng/property/4-bedroom-flat-apartment-for-rent-apo-legislative-quarters-zone-e-1-abba-kyari-close-zone-b-apo-abuja-3PHJU
Premium 4 Bedroom Serviced Apartment,3300000,rent,Apo,Apo,"Apo Legislative Quarters Zone E , 1 Abba Kyari Close, Zone B Apo Abuja",4,4,5,Flat/Apartment,"Safety TipsDo not make any inspection fee without seeing the agent and property.Only pay Rental fee, Sales fee or any upfront payment after you verify the Landlord.Ensure you meet the Agent in an open location.The Agent does not represent PropertyPro and PropertyPro is not liable for any monetary transaction between you and the Agent.",5PHJS,21-Mar-26,24-Apr-26,https://www.propertypro.ng/property/4-bedroom-flat-apartment-for-rent-apo-legislative-quarters-zone-e-1-abba-kyari-close-zone-b-apo-abuja-5PHJS
3 Bedroom Bungalow,5000000,rent,Apo,Apo,Apo Abuja,3,3,4,Bungalow,"Safety TipsDo not make any inspection fee without seeing the agent and property.Only pay Rental fee, Sales fee or any upfront payment after you verify the Landlord.Ensure you meet the Agent in an open location.The Agent does not represent PropertyPro and PropertyPro is not liable for any monetary transaction between you and the Agent.",9PFNW,05-Mar-26,24-Apr-26,https://www.propertypro.ng/property/3-bedroom-house-for-rent-apo-abuja-9PFNW
Decent Self Contain,2200000,rent,Apo,Apo,Apo Legislative Quarters Apo Abuja,1,1,1,Flat/Apartment,"Safety TipsDo not make any inspection fee without seeing the agent and property.Only pay Rental fee, Sales fee or any upfront payment after you verify the Landlord.Ensure you meet the Agent in an open location.The Agent does not represent PropertyPro and PropertyPro is not liable for any monetary transaction between you and the Agent.",8PGYS,17-Mar-26,24-Apr-26,https://www.propertypro.ng/property/1-bedroom-flat-apartment-for-rent-apo-legislative-quarters-apo-abuja-8PGYS
3 Bedroom Flat,6000000,rent,Apo,Apo,"Legislative Quarters, Apo Abuja",3,3,4,Flat/Apartment,"Safety TipsDo not make any inspection fee without seeing the agent and property.Only pay Rental fee, Sales fee or any upfront payment after you verify the Landlord.Ensure you meet the Agent in an open location.The Agent does not represent PropertyPro and PropertyPro is not liable for any monetary transaction between you and the Agent.",6PGYQ,17-Mar-26,24-Apr-26,https://www.propertypro.ng/property/3-bedroom-flat-apartment-for-rent-legislative-quarters-apo-abuja-6PGYQ
3 Bedroom Bungalow,3500000,rent,Apo,Apo,"Zone A, Apo Resettlement Apo Abuja",3,3,4,Bungalow,"Safety TipsDo not make any inspection fee without seeing the agent and property.Only pay Rental fee, Sales fee or any upfront payment after you verify the Landlord.Ensure you meet the Agent in an open location.The Agent does not represent PropertyPro and PropertyPro is not liable for any monetary transaction between you and the Agent.",0PGQD,13-Mar-26,24-Apr-26,https://www.propertypro.ng/property/3-bedroom-house-for-rent-zone-a-apo-resettlement-apo-abuja-0PGQD
2 Bedroom Duplex,4000000,rent,Apo,Apo,"Apo Resettlement, Apo Abuja",2,2,2,Detached Duplex,"Safety TipsDo not make any inspection fee without seeing the agent and property.Only pay Rental fee, Sales fee or any upfront payment after you verify the Landlord.Ensure you meet the Agent in an open location.The Agent does not represent PropertyPro and PropertyPro is not liable for any monetary transaction between you and the Agent.",3PEYY,28-Feb-26,24-Apr-26,https://www.propertypro.ng/property/2-bedroom-house-for-rent-apo-resettlement-apo-abuja-3PEYY
Big 3 Bedroom Flat,4000000,rent,Apo,Apo,"Apo By Christland School, Apo Abuja",3,3,4,Flat/Apartment,"Safety TipsDo not make any inspection fee without seeing the agent and property.Only pay Rental fee, Sales fee or any upfront payment after you verify the Landlord.Ensure you meet the Agent in an open location.The Agent does not represent PropertyPro and PropertyPro is not liable for any monetary transaction between you and the Agent.",8PENF,25-Feb-26,24-Apr-26,https://www.propertypro.ng/property/3-bedroom-flat-apartment-for-rent-apo-by-christland-school-apo-abuja-8PENF
2 Bedroom Flat,2500000,rent,Apo,Apo,"Apo Gudu By Ibeto Hotel, Gudu, Abuja Apo Abuja",2,2,2,Flat/Apartment,"Safety TipsDo not make any inspection fee without seeing the agent and property.Only pay Rental fee, Sales fee or any upfront payment after you verify the Landlord.Ensure you meet the Agent in an open location.The Agent does not represent PropertyPro and PropertyPro is not liable for any monetary transaction between you and the Agent.",3PENJ,25-Feb-26,24-Apr-26,https://www.propertypro.ng/property/2-bedroom-flat-apartment-for-rent-apo-gudu-by-ibeto-hotel-gudu-abuja-apo-abuja-3PENJ
Spacious 3 Bedroom Flat,4500000,rent,Apo,Apo,Apo Resettlement Apo Abuja,3,3,4,Flat/Apartment,"Safety TipsDo not make any inspection fee without seeing the agent and property.Only pay Rental fee, Sales fee or any upfront payment after you verify the Landlord.Ensure you meet the Agent in an open location.The Agent does not represent PropertyPro and PropertyPro is not liable for any monetary transaction between you and the Agent.",9PJXL,04-Apr-26,23-Apr-26,https://www.propertypro.ng/property/3-bedroom-flat-apartment-for-rent-apo-resettlement-apo-abuja-9PJXL
Newly Built 4 Bedroom Terrace Duplex With Bq,9000000,rent,Apo,Apo,Apo Gudu District By Ceadercrest Hospital Apo Abuja,4,4,5,Terraced Duplex,"Safety TipsDo not make any inspection fee without seeing the agent and property.Only pay Rental fee, Sales fee or any upfront payment after you verify the Landlord.Ensure you meet the Agent in an open location.The Agent does not represent PropertyPro and PropertyPro is not liable for any monetary transaction between you and the Agent.",8NVGT,21-Nov-25,24-Apr-26,https://www.propertypro.ng/property/4-bedroom-house-for-rent-apo-gudu-district-by-ceadercrest-hospital-apo-abuja-8NVGT
2 Bedroom Flat,5000000,rent,Apo,Apo,Apo Resettlement Abuja. ( Video Of The House Is Attached) Apo Resettlement Apo Abuja,2,2,3,Flat/Apartment,"Safety TipsDo not make any inspection fee without seeing the agent and property.Only pay Rental fee, Sales fee or any upfront payment after you verify the Landlord.Ensure you meet the Agent in an open location.The Agent does not represent PropertyPro and PropertyPro is not liable for any monetary transaction between you and the Agent.",2PEVU,27-Feb-26,24-Apr-26,https://www.propertypro.ng/property/2-bedroom-flat-apartment-for-rent-apo-resettlement-abuja-video-of-the-house-is-attached-apo-resettlement-apo-abuja-2PEVU
A Fully Furnished 3 Bedroom Terrace,7500000,rent,Karsana,Karsana,Gwarimpa Extension Karsana Abuja,3,4,4,House,"Safety TipsDo not make any inspection fee without seeing the agent and property.Only pay Rental fee, Sales fee or any upfront payment after you verify the Landlord.Ensure you meet the Agent in an open location.The Agent does not represent PropertyPro and PropertyPro is not liable for any monetary transaction between you and the Agent.",7PKYU,14-Apr-26,24-Apr-26,https://www.propertypro.ng/property/3-bedroom-house-for-rent-gwarimpa-extension-karsana-abuja-7PKYU
A Fully Furnished 3 Bedroom Terrace,7500000,rent,Karsana,Karsana,Gwarimpa Extension Karsana Abuja,3,4,4,House,"Safety TipsDo not make any inspection fee without seeing the agent and property.Only pay Rental fee, Sales fee or any upfront payment after you verify the Landlord.Ensure you meet the Agent in an open location.The Agent does not represent PropertyPro and PropertyPro is not liable for any monetary transaction between you and the Agent.",6PKYU,14-Apr-26,24-Apr-26,https://www.propertypro.ng/property/3-bedroom-house-for-rent-gwarimpa-extension-karsana-abuja-6PKYU
A Fully Furnished 3 Bedroom Terrace,7500000,rent,Karsana,Karsana,Gwarimpa Extension Karsana Abuja,3,4,4,House,"Safety TipsDo not make any inspection fee without seeing the agent and property.Only pay Rental fee, Sales fee or any upfront payment after you verify the Landlord.Ensure you meet the Agent in an open location.The Agent does not represent PropertyPro and PropertyPro is not liable for any monetary transaction between you and the Agent.",5PKYU,14-Apr-26,24-Apr-26,https://www.propertypro.ng/property/3-bedroom-house-for-rent-gwarimpa-extension-karsana-abuja-5PKYU
Magnificently Finished 3 Bedroom Bungalow,10000000,rent,Karsana,Karsana,Gwarinpa Extension Karsana Abuja,3,3,,Bungalow,"Safety TipsDo not make any inspection fee without seeing the agent and property.Only pay Rental fee, Sales fee or any upfront payment after you verify the Landlord.Ensure you meet the Agent in an open location.The Agent does not represent PropertyPro and PropertyPro is not liable for any monetary transaction between you and the Agent.",7PEYZ,28-Feb-26,24-Apr-26,https://www.propertypro.ng/property/3-bedroom-house-for-rent-gwarinpa-extension-karsana-abuja-7PEYZ
Amazing 4 Bedroom Bungalow,10000000,rent,Karsana,Karsana,Efab Queens Karsana Karsana Abuja,4,4,,Bungalow,"Safety TipsDo not make any inspection fee without seeing the agent and property.Only pay Rental fee, Sales fee or any upfront payment after you verify the Landlord.Ensure you meet the Agent in an open location.The Agent does not represent PropertyPro and PropertyPro is not liable for any monetary transaction between you and the Agent.",0PKAG,06-Apr-26,24-Apr-26,https://www.propertypro.ng/property/4-bedroom-house-for-rent-efab-queens-karsana-karsana-abuja-0PKAG
2 Bedroom Terrace Duplex With Bq,10000000,rent,Lokogoma,Lokogoma,Lokogoma Abuja,2,2,,Terraced Duplex,"Safety TipsDo not make any inspection fee without seeing the agent and property.Only pay Rental fee, Sales fee or any upfront payment after you verify the Landlord.Ensure you meet the Agent in an open location.The Agent does not represent PropertyPro and PropertyPro is not liable for any monetary transaction between you and the Agent.",7PJAQ,27-Mar-26,24-Apr-26,https://www.propertypro.ng/property/2-bedroom-house-for-rent-lokogoma-abuja-7PJAQ
Very Spacious One Bedroom,2200000,rent,Lokogoma,Lokogoma,In An Estate At Dakwo District Lokogoma Abuja,1,1,2,Flat/Apartment,"Safety TipsDo not make any inspection fee without seeing the agent and property.Only pay Rental fee, Sales fee or any upfront payment after you verify the Landlord.Ensure you meet the Agent in an open location.The Agent does not represent PropertyPro and PropertyPro is not liable for any monetary transaction between you and the Agent.",3PKJW,09-Apr-26,24-Apr-26,https://www.propertypro.ng/property/1-bedroom-flat-apartment-for-rent-in-an-estate-at-dakwo-district-lokogoma-abuja-3PKJW
A New 6 Bedroom Fully Detached Duplex + Bq,8000000,rent,Lokogoma,Lokogoma,In Serene & Secured Estate. Video Is Available. Lokogoma Abuja,6,6,7,Detached Duplex,"Safety TipsDo not make any inspection fee without seeing the agent and property.Only pay Rental fee, Sales fee or any upfront payment after you verify the Landlord.Ensure you meet the Agent in an open location.The Agent does not represent PropertyPro and PropertyPro is not liable for any monetary transaction between you and the Agent.",5PKSP,12-Apr-26,24-Apr-26,https://www.propertypro.ng/property/6-bedroom-house-for-rent-in-serene-secured-estate-video-is-available-lokogoma-abuja-5PKSP
3 Bedroom Semi Detached Bungalow,6000000,rent,Lokogoma,Lokogoma,"Sunnyvale Estate, Lokogoma Abuja",3,3,4,Bungalow,"Safety TipsDo not make any inspection fee without seeing the agent and property.Only pay Rental fee, Sales fee or any upfront payment after you verify the Landlord.Ensure you meet the Agent in an open location.The Agent does not represent PropertyPro and PropertyPro is not liable for any monetary transaction between you and the Agent.",3PHZY,27-Mar-26,24-Apr-26,https://www.propertypro.ng/property/3-bedroom-house-for-rent-sunnyvale-estate-lokogoma-abuja-3PHZY
A Newly Built 4 Bedroom Semi Detached Duplex,8000000,rent,Lokogoma,Lokogoma,Lokogoma District Abuja. Lokogoma Abuja,4,4,5,Semi-Detached Duplex,"Safety TipsDo not make any inspection fee without seeing the agent and property.Only pay Rental fee, Sales fee or any upfront payment after you verify the Landlord.Ensure you meet the Agent in an open location.The Agent does not represent PropertyPro and PropertyPro is not liable for any monetary transaction between you and the Agent.",6PJRD,02-Apr-26,24-Apr-26,https://www.propertypro.ng/property/4-bedroom-house-for-rent-lokogoma-district-abuja-lokogoma-abuja-6PJRD
2bedroom Flat To Let Near Jubilation Bethel,3500000,rent,Lokogoma,Lokogoma,Pengasson Estate Lokogoma Abuja,2,3,3,Flat/Apartment,"Safety TipsDo not make any inspection fee without seeing the agent and property.Only pay Rental fee, Sales fee or any upfront payment after you verify the Landlord.Ensure you meet the Agent in an open location.The Agent does not represent PropertyPro and PropertyPro is not liable for any monetary transaction between you and the Agent.",2PHVY,25-Mar-26,24-Apr-26,https://www.propertypro.ng/property/2-bedroom-flat-apartment-for-rent-pengasson-estate-lokogoma-abuja-2PHVY
3 Bedroom Bungalow,4800000,rent,Lokogoma,Lokogoma,Lokogoma Abuja,3,4,,Bungalow,"Safety TipsDo not make any inspection fee without seeing the agent and property.Only pay Rental fee, Sales fee or any upfront payment after you verify the Landlord.Ensure you meet the Agent in an open location.The Agent does not represent PropertyPro and PropertyPro is not liable for any monetary transaction between you and the Agent.",3PERY,26-Feb-26,24-Apr-26,https://www.propertypro.ng/property/3-bedroom-house-for-rent-lokogoma-abuja-3PERY
2 Bedroom Apartment,4000000,rent,Lokogoma,Lokogoma,Lokogoma Abuja,2,2,,Flat/Apartment,"Safety TipsDo not make any inspection fee without seeing the agent and property.Only pay Rental fee, Sales fee or any upfront payment after you verify the Landlord.Ensure you meet the Agent in an open location.The Agent does not represent PropertyPro and PropertyPro is not liable for any monetary transaction between you and the Agent.",5PHMV,23-Mar-26,24-Apr-26,https://www.propertypro.ng/property/2-bedroom-house-for-rent-lokogoma-abuja-5PHMV
3 Bedroom Detached Bungalow,5500000,rent,Lokogoma,Lokogoma,Lokogoma Abuja,3,,,Bungalow,"Safety TipsDo not make any inspection fee without seeing the agent and property.Only pay Rental fee, Sales fee or any upfront payment after you verify the Landlord.Ensure you meet the Agent in an open location.The Agent does not represent PropertyPro and PropertyPro is not liable for any monetary transaction between you and the Agent.",2PHUZ,25-Mar-26,24-Apr-26,https://www.propertypro.ng/property/3-bedroom-house-for-rent-lokogoma-abuja-2PHUZ
Self Contain,800000,rent,Lokogoma,Lokogoma,"Lokogoma Village, By Lokogoma Express, Abuja Lokogoma Abuja",1,1,1,Flat/Apartment,"Safety TipsDo not make any inspection fee without seeing the agent and property.Only pay Rental fee, Sales fee or any upfront payment after you verify the Landlord.Ensure you meet the Agent in an open location.The Agent does not represent PropertyPro and PropertyPro is not liable for any monetary transaction between you and the Agent.",3PHHM,20-Mar-26,24-Apr-26,https://www.propertypro.ng/property/1-bedroom-flat-apartment-for-rent-lokogoma-village-by-lokogoma-express-abuja-lokogoma-abuja-3PHHM
3 Bedroom Terrace Duplex With Bq,5000000,rent,Lokogoma,Lokogoma,Lokogoma Abuja,3,3,4,Terraced Duplex,"Safety TipsDo not make any inspection fee without seeing the agent and property.Only pay Rental fee, Sales fee or any upfront payment after you verify the Landlord.Ensure you meet the Agent in an open location.The Agent does not represent PropertyPro and PropertyPro is not liable for any monetary transaction between you and the Agent.",5PGKK,12-Mar-26,24-Apr-26,https://www.propertypro.ng/property/3-bedroom-house-for-rent-lokogoma-abuja-5PGKK
4 Bedroom Duplex,5000000,rent,Lokogoma,Lokogoma,"By Lokogoma Express, Lokogoma Abuja",4,4,5,Detached Duplex,"Safety TipsDo not make any inspection fee without seeing the agent and property.Only pay Rental fee, Sales fee or any upfront payment after you verify the Landlord.Ensure you meet the Agent in an open location.The Agent does not represent PropertyPro and PropertyPro is not liable for any monetary transaction between you and the Agent.",4PEFA,23-Feb-26,24-Apr-26,https://www.propertypro.ng/property/4-bedroom-house-for-rent-by-lokogoma-express-lokogoma-abuja-4PEFA
1 Bedroom Flat,1700000,rent,Lokogoma,Lokogoma,Lokogoma Abuja,1,1,1,Flat/Apartment,"Safety TipsDo not make any inspection fee without seeing the agent and property.Only pay Rental fee, Sales fee or any upfront payment after you verify the Landlord.Ensure you meet the Agent in an open location.The Agent does not represent PropertyPro and PropertyPro is not liable for any monetary transaction between you and the Agent.",2PHKX,22-Mar-26,24-Apr-26,https://www.propertypro.ng/property/1-bedroom-flat-apartment-for-rent-lokogoma-abuja-2PHKX
2 Bedroom Flat,3500000,rent,Lokogoma,Lokogoma,"Lokogoma Dakwo Road, Lokogoma, Abuja Lokogoma Abuja",2,2,3,Flat/Apartment,"Safety TipsDo not make any inspection fee without seeing the agent and property.Only pay Rental fee, Sales fee or any upfront payment after you verify the Landlord.Ensure you meet the Agent in an open location.The Agent does not represent PropertyPro and PropertyPro is not liable for any monetary transaction between you and the Agent.",1PEVZ,27-Feb-26,24-Apr-26,https://www.propertypro.ng/property/2-bedroom-flat-apartment-for-rent-lokogoma-dakwo-road-lokogoma-abuja-lokogoma-abuja-1PEVZ
Newly Built 2 Bedroom Flat,4000000,rent,Lokogoma,Lokogoma,Estate Close To Lokogoma Junction Lokogoma Abuja,2,3,,Flat/Apartment,"Safety TipsDo not make any inspection fee without seeing the agent and property.Only pay Rental fee, Sales fee or any upfront payment after you verify the Landlord.Ensure you meet the Agent in an open location.The Agent does not represent PropertyPro and PropertyPro is not liable for any monetary transaction between you and the Agent.",6PEHV,23-Feb-26,23-Apr-26,https://www.propertypro.ng/property/2-bedroom-flat-apartment-for-rent-estate-close-to-lokogoma-junction-lokogoma-abuja-6PEHV
4 Bedroom Fully Detached Bungalow,8000000,rent,Lokogoma,Lokogoma,Lokogoma Abuja,4,5,5,Bungalow,"Safety TipsDo not make any inspection fee without seeing the agent and property.Only pay Rental fee, Sales fee or any upfront payment after you verify the Landlord.Ensure you meet the Agent in an open location.The Agent does not represent PropertyPro and PropertyPro is not liable for any monetary transaction between you and the Agent.",2PEWQ,27-Feb-26,23-Apr-26,https://www.propertypro.ng/property/4-bedroom-house-for-rent-lokogoma-abuja-2PEWQ
3 Bedroom With Maid Room,6500000,rent,Lokogoma,Lokogoma,Sunnyvale Estate Lokogoma Abuja,3,3,4,House,"Safety TipsDo not make any inspection fee without seeing the agent and property.Only pay Rental fee, Sales fee or any upfront payment after you verify the Landlord.Ensure you meet the Agent in an open location.The Agent does not represent PropertyPro and PropertyPro is not liable for any monetary transaction between you and the Agent.",1PFSZ,06-Mar-26,24-Apr-26,https://www.propertypro.ng/property/3-bedroom-house-for-rent-sunnyvale-estate-lokogoma-abuja-1PFSZ
Decent 3bedroom Bungalow (self Compound),4500000,rent,Galadimawa,Galadimawa,"By Sunnyvale, Galadimawa, Abuja Galadimawa Abuja",3,3,4,Bungalow,"Safety TipsDo not make any inspection fee without seeing the agent and property.Only pay Rental fee, Sales fee or any upfront payment after you verify the Landlord.Ensure you meet the Agent in an open location.The Agent does not represent PropertyPro and PropertyPro is not liable for any monetary transaction between you and the Agent.",3PLUY,22-Apr-26,24-Apr-26,https://www.propertypro.ng/property/3-bedroom-house-for-rent-by-sunnyvale-galadimawa-abuja-galadimawa-abuja-3PLUY
Standard 2 Bedroom,4500000,rent,Galadimawa,Galadimawa,Suncity Estate Galadimawa Abuja,2,2,3,House,"Safety TipsDo not make any inspection fee without seeing the agent and property.Only pay Rental fee, Sales fee or any upfront payment after you verify the Landlord.Ensure you meet the Agent in an open location.The Agent does not represent PropertyPro and PropertyPro is not liable for any monetary transaction between you and the Agent.",5PKPR,11-Apr-26,24-Apr-26,https://www.propertypro.ng/property/2-bedroom-house-for-rent-suncity-estate-galadimawa-abuja-5PKPR
Very Standard 2 Bedroom Flat,6000000,rent,Galadimawa,Galadimawa,Brooklyn Estate By Amsco Galadimawa Abuja,2,2,3,Flat/Apartment,"Safety TipsDo not make any inspection fee without seeing the agent and property.Only pay Rental fee, Sales fee or any upfront payment after you verify the Landlord.Ensure you meet the Agent in an open location.The Agent does not represent PropertyPro and PropertyPro is not liable for any monetary transaction between you and the Agent.",8PKPR,11-Apr-26,24-Apr-26,https://www.propertypro.ng/property/2-bedroom-flat-apartment-for-rent-brooklyn-estate-by-amsco-galadimawa-abuja-8PKPR
2bedroom Flat To Let Behind Suncity Estate,3500000,rent,Galadimawa,Galadimawa,Behind Suncity Estate Galadimawa Abuja,2,3,3,Flat/Apartment,"Safety TipsDo not make any inspection fee without seeing the agent and property.Only pay Rental fee, Sales fee or any upfront payment after you verify the Landlord.Ensure you meet the Agent in an open location.The Agent does not represent PropertyPro and PropertyPro is not liable for any monetary transaction between you and the Agent.",5PHVX,25-Mar-26,24-Apr-26,https://www.propertypro.ng/property/2-bedroom-flat-apartment-for-rent-behind-suncity-estate-galadimawa-abuja-5PHVX
2 Bedroom Flat To Let Near Shafa Station,3000000,rent,Galadimawa,Galadimawa,"Near Ay Shafa, Galadimawa Abuja",2,3,3,Flat/Apartment,"Safety TipsDo not make any inspection fee without seeing the agent and property.Only pay Rental fee, Sales fee or any upfront payment after you verify the Landlord.Ensure you meet the Agent in an open location.The Agent does not represent PropertyPro and PropertyPro is not liable for any monetary transaction between you and the Agent.",5PGVW,16-Mar-26,24-Apr-26,https://www.propertypro.ng/property/2-bedroom-flat-apartment-for-rent-near-ay-shafa-galadimawa-abuja-5PGVW
Newly Built 4 Bedroom Terrace Duplex With Bq,10000000,rent,Galadimawa,Galadimawa,By Galadimawa Roundabout Galadimawa Abuja,4,5,5,Terraced Duplex,"Safety TipsDo not make any inspection fee without seeing the agent and property.Only pay Rental fee, Sales fee or any upfront payment after you verify the Landlord.Ensure you meet the Agent in an open location.The Agent does not represent PropertyPro and PropertyPro is not liable for any monetary transaction between you and the Agent.",4NRBR,10-Oct-25,24-Apr-26,https://www.propertypro.ng/property/4-bedroom-house-for-rent-by-galadimawa-roundabout-galadimawa-abuja-4NRBR
4 Bedroom Duplex,8500000,rent,Galadimawa,Galadimawa,Galadimawa Abuja,4,4,,Detached Duplex,"Safety TipsDo not make any inspection fee without seeing the agent and property.Only pay Rental fee, Sales fee or any upfront payment after you verify the Landlord.Ensure you meet the Agent in an open location.The Agent does not represent PropertyPro and PropertyPro is not liable for any monetary transaction between you and the Agent.",0PFDA,02-Mar-26,24-Apr-26,https://www.propertypro.ng/property/4-bedroom-house-for-rent-galadimawa-abuja-0PFDA
Brand New 6 Bedrm Fully Detached Duplex Galadimawa,10000000,rent,Galadimawa,Galadimawa,Estate In Galadimawa Galadimawa Abuja,6,6,,Detached Duplex,"Safety TipsDo not make any inspection fee without seeing the agent and property.Only pay Rental fee, Sales fee or any upfront payment after you verify the Landlord.Ensure you meet the Agent in an open location.The Agent does not represent PropertyPro and PropertyPro is not liable for any monetary transaction between you and the Agent.",1PKHN,09-Apr-26,24-Apr-26,https://www.propertypro.ng/property/6-bedroom-house-for-rent-estate-in-galadimawa-galadimawa-abuja-1PKHN
3 Bedroom Bungalow,6500000,rent,Galadimawa,Galadimawa,Galadimawa Abuja,3,3,4,Bungalow,"Safety TipsDo not make any inspection fee without seeing the agent and property.Only pay Rental fee, Sales fee or any upfront payment after you verify the Landlord.Ensure you meet the Agent in an open location.The Agent does not represent PropertyPro and PropertyPro is not liable for any monetary transaction between you and the Agent.",5PFUY,07-Mar-26,24-Apr-26,https://www.propertypro.ng/property/3-bedroom-house-for-rent-galadimawa-abuja-5PFUY
Fully Detached 4bedroom Duplex ( Tarred Road ),9000000,rent,Galadimawa,Galadimawa,"Galadimawa, Abuja Galadimawa Abuja",4,5,5,Detached Duplex,"Safety TipsDo not make any inspection fee without seeing the agent and property.Only pay Rental fee, Sales fee or any upfront payment after you verify the Landlord.Ensure you meet the Agent in an open location.The Agent does not represent PropertyPro and PropertyPro is not liable for any monetary transaction between you and the Agent.",0PHHD,20-Mar-26,24-Apr-26,https://www.propertypro.ng/property/4-bedroom-house-for-rent-galadimawa-abuja-galadimawa-abuja-0PHHD
4 Bedroom Duplex,6000000,rent,Galadimawa,Galadimawa,Galadimawa Abuja,4,4,5,Detached Duplex,"Safety TipsDo not make any inspection fee without seeing the agent and property.Only pay Rental fee, Sales fee or any upfront payment after you verify the Landlord.Ensure you meet the Agent in an open location.The Agent does not represent PropertyPro and PropertyPro is not liable for any monetary transaction between you and the Agent.",7PGQC,13-Mar-26,24-Apr-26,https://www.propertypro.ng/property/4-bedroom-house-for-rent-galadimawa-abuja-7PGQC
2 Bedroom Flat,6000000,rent,Galadimawa,Galadimawa,Galadimawa Galadimawa Abuja,2,2,3,Flat/Apartment,"Safety TipsDo not make any inspection fee without seeing the agent and property.Only pay Rental fee, Sales fee or any upfront payment after you verify the Landlord.Ensure you meet the Agent in an open location.The Agent does not represent PropertyPro and PropertyPro is not liable for any monetary transaction between you and the Agent.",4PKNE,10-Apr-26,23-Apr-26,https://www.propertypro.ng/property/2-bedroom-flat-apartment-for-rent-galadimawa-galadimawa-abuja-4PKNE
2 Bedroom Flat,4000000,rent,Galadimawa,Galadimawa,"Galadimawa, Estate Behind Sun City Galadimawa Abuja",2,3,,Flat/Apartment,"Safety TipsDo not make any inspection fee without seeing the agent and property.Only pay Rental fee, Sales fee or any upfront payment after you verify the Landlord.Ensure you meet the Agent in an open location.The Agent does not represent PropertyPro and PropertyPro is not liable for any monetary transaction between you and the Agent.",1PGDD,10-Mar-26,23-Apr-26,https://www.propertypro.ng/property/2-bedroom-flat-apartment-for-rent-galadimawa-estate-behind-sun-city-galadimawa-abuja-1PGDD
3 Bedroom Flat,6000000,rent,Galadimawa,Galadimawa,Galadimawa Galadimawa Abuja,3,3,4,Flat/Apartment,"Safety TipsDo not make any inspection fee without seeing the agent and property.Only pay Rental fee, Sales fee or any upfront payment after you verify the Landlord.Ensure you meet the Agent in an open location.The Agent does not represent PropertyPro and PropertyPro is not liable for any monetary transaction between you and the Agent.",2PJXK,04-Apr-26,23-Apr-26,https://www.propertypro.ng/property/3-bedroom-flat-apartment-for-rent-galadimawa-galadimawa-abuja-2PJXK
3 Bedroom Flat To Let In An Estate Near Suncity,6000000,rent,Galadimawa,Galadimawa,Near Ay Shafa Filling Station Galadimawa Abuja,3,4,4,Flat/Apartment,"Safety TipsDo not make any inspection fee without seeing the agent and property.Only pay Rental fee, Sales fee or any upfront payment after you verify the Landlord.Ensure you meet the Agent in an open location.The Agent does not represent PropertyPro and PropertyPro is not liable for any monetary transaction between you and the Agent.",4PFRT,06-Mar-26,24-Apr-26,https://www.propertypro.ng/property/3-bedroom-flat-apartment-for-rent-near-ay-shafa-filling-station-galadimawa-abuja-4PFRT
New 2 Bedroom Flat To Let After Shafa Station,3000000,rent,Galadimawa,Galadimawa,Near Aa Rano Filling Station Galadimawa Abuja,2,3,3,Flat/Apartment,"Safety TipsDo not make any inspection fee without seeing the agent and property.Only pay Rental fee, Sales fee or any upfront payment after you verify the Landlord.Ensure you meet the Agent in an open location.The Agent does not represent PropertyPro and PropertyPro is not liable for any monetary transaction between you and the Agent.",4PGLV,12-Mar-26,24-Apr-26,https://www.propertypro.ng/property/2-bedroom-flat-apartment-for-rent-near-aa-rano-filling-station-galadimawa-abuja-4PGLV
1bedroom Flat With 2 Toilets To Let Near Shafa Station,2000000,rent,Galadimawa,Galadimawa,Near Shafa Station Galadimawa Abuja,1,2,2,Flat/Apartment,"Safety TipsDo not make any inspection fee without seeing the agent and property.Only pay Rental fee, Sales fee or any upfront payment after you verify the Landlord.Ensure you meet the Agent in an open location.The Agent does not represent PropertyPro and PropertyPro is not liable for any monetary transaction between you and the Agent.",7PJWE,03-Apr-26,24-Apr-26,https://www.propertypro.ng/property/1-bedroom-flat-apartment-for-rent-near-shafa-station-galadimawa-abuja-7PJWE
For Rent 3bedroom Semi Detach Bungalow Penthouse,6000000,rent,Galadimawa,Galadimawa,Galadimawa District In An Estate. Abuja Nigeria. Galadimawa Abuja,3,3,4,Bungalow,"Safety TipsDo not make any inspection fee without seeing the agent and property.Only pay Rental fee, Sales fee or any upfront payment after you verify the Landlord.Ensure you meet the Agent in an open location.The Agent does not represent PropertyPro and PropertyPro is not liable for any monetary transaction between you and the Agent.",1PKRQ,11-Apr-26,24-Apr-26,https://www.propertypro.ng/property/3-bedroom-house-for-rent-galadimawa-district-in-an-estate-abuja-nigeria-galadimawa-abuja-1PKRQ
Newly Built 4 Bedroom Semi Detached Duplex,6500000,rent,Kubwa,Kubwa,Kubwa Abuja,4,,,Semi-Detached Duplex,"Safety TipsDo not make any inspection fee without seeing the agent and property.Only pay Rental fee, Sales fee or any upfront payment after you verify the Landlord.Ensure you meet the Agent in an open location.The Agent does not represent PropertyPro and PropertyPro is not liable for any monetary transaction between you and the Agent.",2NXEY,11-Dec-25,22-Apr-26,https://www.propertypro.ng/property/4-bedroom-house-for-rent-kubwa-abuja-2NXEY
Newly Built 4 Bedroom Semi Detached Duplex,6500000,rent,Kubwa,Kubwa,Kubwa Abuja,4,,,Semi-Detached Duplex,"Safety TipsDo not make any inspection fee without seeing the agent and property.Only pay Rental fee, Sales fee or any upfront payment after you verify the Landlord.Ensure you meet the Agent in an open location.The Agent does not represent PropertyPro and PropertyPro is not liable for any monetary transaction between you and the Agent.",0NXGU,12-Dec-25,22-Apr-26,https://www.propertypro.ng/property/4-bedroom-house-for-rent-kubwa-abuja-0NXGU
Newly Built 1 Bedroom Apartment,4500000,rent,Kubwa,Kubwa,"Kubwa, Abuja Kubwa Abuja",2,3,3,Flat/Apartment,"Safety TipsDo not make any inspection fee without seeing the agent and property.Only pay Rental fee, Sales fee or any upfront payment after you verify the Landlord.Ensure you meet the Agent in an open location.The Agent does not represent PropertyPro and PropertyPro is not liable for any monetary transaction between you and the Agent.",6PKTH,12-Apr-26,24-Apr-26,https://www.propertypro.ng/property/2-bedroom-flat-apartment-for-rent-kubwa-abuja-kubwa-abuja-6PKTH
Newly Built 2 Bedroom Semi Detached Duplex,4500000,rent,Kubwa,Kubwa,Kubwa Abuja,2,3,3,Semi-Detached Duplex,"Safety TipsDo not make any inspection fee without seeing the agent and property.Only pay Rental fee, Sales fee or any upfront payment after you verify the Landlord.Ensure you meet the Agent in an open location.The Agent does not represent PropertyPro and PropertyPro is not liable for any monetary transaction between you and the Agent.",2PEBY,21-Feb-26,24-Apr-26,https://www.propertypro.ng/property/2-bedroom-house-for-rent-kubwa-abuja-2PEBY
Standard 2 Bedroom Flat,3000000,rent,Kubwa,Kubwa,Fcda Kubwa Abuja,2,3,3,Flat/Apartment,"Safety TipsDo not make any inspection fee without seeing the agent and property.Only pay Rental fee, Sales fee or any upfront payment after you verify the Landlord.Ensure you meet the Agent in an open location.The Agent does not represent PropertyPro and PropertyPro is not liable for any monetary transaction between you and the Agent.",3PKCT,07-Apr-26,24-Apr-26,https://www.propertypro.ng/property/2-bedroom-flat-apartment-for-rent-fcda-kubwa-abuja-3PKCT
Newly Built 2 Bedroom Flat,3000000,rent,Kubwa,Kubwa,"F14 District , Phase 4 Kubwa Abuja",2,3,3,Flat/Apartment,"Safety TipsDo not make any inspection fee without seeing the agent and property.Only pay Rental fee, Sales fee or any upfront payment after you verify the Landlord.Ensure you meet the Agent in an open location.The Agent does not represent PropertyPro and PropertyPro is not liable for any monetary transaction between you and the Agent.",8PHFE,19-Mar-26,24-Apr-26,https://www.propertypro.ng/property/2-bedroom-flat-apartment-for-rent-f14-district-phase-4-kubwa-abuja-8PHFE
2 Bedroom Flat,2800000,rent,Kubwa,Kubwa,"Phase 2 Site 2, Kubwa Abuja",2,3,3,Flat/Apartment,"Safety TipsDo not make any inspection fee without seeing the agent and property.Only pay Rental fee, Sales fee or any upfront payment after you verify the Landlord.Ensure you meet the Agent in an open location.The Agent does not represent PropertyPro and PropertyPro is not liable for any monetary transaction between you and the Agent.",5PGVR,16-Mar-26,24-Apr-26,https://www.propertypro.ng/property/2-bedroom-house-for-rent-phase-2-site-2-kubwa-abuja-5PGVR
3 Bedroom Bungalow Inside Estate,3000000,rent,Kubwa,Kubwa,Fcda Kubwa Abuja,3,3,3,Bungalow,"Safety TipsDo not make any inspection fee without seeing the agent and property.Only pay Rental fee, Sales fee or any upfront payment after you verify the Landlord.Ensure you meet the Agent in an open location.The Agent does not represent PropertyPro and PropertyPro is not liable for any monetary transaction between you and the Agent.",6PKQF,11-Apr-26,24-Apr-26,https://www.propertypro.ng/property/3-bedroom-house-for-rent-fcda-kubwa-abuja-6PKQF
1 Bedroom Apartment,2000000,rent,Kubwa,Kubwa,F14 District Kubwa Abuja,1,2,2,Flat/Apartment,"Safety TipsDo not make any inspection fee without seeing the agent and property.Only pay Rental fee, Sales fee or any upfront payment after you verify the Landlord.Ensure you meet the Agent in an open location.The Agent does not represent PropertyPro and PropertyPro is not liable for any monetary transaction between you and the Agent.",3PHRT,24-Mar-26,24-Apr-26,https://www.propertypro.ng/property/1-bedroom-flat-apartment-for-rent-f14-district-kubwa-abuja-3PHRT
3 Bedroom Flat,3500000,rent,Kubwa,Kubwa,Nepa Road Kubwa Abuja,3,3,3,Flat/Apartment,"Safety TipsDo not make any inspection fee without seeing the agent and property.Only pay Rental fee, Sales fee or any upfront payment after you verify the Landlord.Ensure you meet the Agent in an open location.The Agent does not represent PropertyPro and PropertyPro is not liable for any monetary transaction between you and the Agent.",0PJPZ,01-Apr-26,24-Apr-26,https://www.propertypro.ng/property/3-bedroom-flat-apartment-for-rent-nepa-road-kubwa-abuja-0PJPZ
2 Bedroom Flat,3000000,rent,Kubwa,Kubwa,F14 District Kubwa Abuja,2,2,2,Flat/Apartment,"Safety TipsDo not make any inspection fee without seeing the agent and property.Only pay Rental fee, Sales fee or any upfront payment after you verify the Landlord.Ensure you meet the Agent in an open location.The Agent does not represent PropertyPro and PropertyPro is not liable for any monetary transaction between you and the Agent.",0PLEG,16-Apr-26,24-Apr-26,https://www.propertypro.ng/property/2-bedroom-flat-apartment-for-rent-f14-district-kubwa-abuja-0PLEG
3 Bedroom Flat,3500000,rent,Kubwa,Kubwa,Phase 4 Kubwa Abuja,3,3,3,Flat/Apartment,"Safety TipsDo not make any inspection fee without seeing the agent and property.Only pay Rental fee, Sales fee or any upfront payment after you verify the Landlord.Ensure you meet the Agent in an open location.The Agent does not represent PropertyPro and PropertyPro is not liable for any monetary transaction between you and the Agent.",9PKMB,10-Apr-26,24-Apr-26,https://www.propertypro.ng/property/3-bedroom-flat-apartment-for-rent-phase-4-kubwa-abuja-9PKMB
2 Bedroom Apartment,2500000,rent,Kubwa,Kubwa,F14 District Kubwa Abuja,2,2,2,Flat/Apartment,"Safety TipsDo not make any inspection fee without seeing the agent and property.Only pay Rental fee, Sales fee or any upfront payment after you verify the Landlord.Ensure you meet the Agent in an open location.The Agent does not represent PropertyPro and PropertyPro is not liable for any monetary transaction between you and the Agent.",7PHRY,24-Mar-26,24-Apr-26,https://www.propertypro.ng/property/2-bedroom-flat-apartment-for-rent-f14-district-kubwa-abuja-7PHRY
3 Bedroom Bungalow,3000000,rent,Kubwa,Kubwa,Fcda Kubwa Abuja,3,3,3,Bungalow,"Safety TipsDo not make any inspection fee without seeing the agent and property.Only pay Rental fee, Sales fee or any upfront payment after you verify the Landlord.Ensure you meet the Agent in an open location.The Agent does not represent PropertyPro and PropertyPro is not liable for any monetary transaction between you and the Agent.",8PKQF,11-Apr-26,24-Apr-26,https://www.propertypro.ng/property/3-bedroom-house-for-rent-fcda-kubwa-abuja-8PKQF
Newly Built 2 Bedroom Flat,3500000,rent,Kubwa,Kubwa,F14 District Close To Dantata Estate Kubwa Abuja,2,3,3,Flat/Apartment,"Safety TipsDo not make any inspection fee without seeing the agent and property.Only pay Rental fee, Sales fee or any upfront payment after you verify the Landlord.Ensure you meet the Agent in an open location.The Agent does not represent PropertyPro and PropertyPro is not liable for any monetary transaction between you and the Agent.",8PHEP,19-Mar-26,24-Apr-26,https://www.propertypro.ng/property/2-bedroom-flat-apartment-for-rent-f14-district-close-to-dantata-estate-kubwa-abuja-8PHEP
Newly Built 2 Bedroom Terrace Duplex,4500000,rent,Kubwa,Kubwa,"Phase 4, F14 District Kubwa Abuja",2,3,3,Terraced Duplex,"Safety TipsDo not make any inspection fee without seeing the agent and property.Only pay Rental fee, Sales fee or any upfront payment after you verify the Landlord.Ensure you meet the Agent in an open location.The Agent does not represent PropertyPro and PropertyPro is not liable for any monetary transaction between you and the Agent.",8PLDG,16-Apr-26,24-Apr-26,https://www.propertypro.ng/property/2-bedroom-house-for-rent-phase-4-f14-district-kubwa-abuja-8PLDG
Newly Built 5 Bedroom Duplex,160000000,rent,Kubwa,Kubwa,Military Pension Board Fo1 Layout Kubwa Abuja,5,,,Detached Duplex,"Safety TipsDo not make any inspection fee without seeing the agent and property.Only pay Rental fee, Sales fee or any upfront payment after you verify the Landlord.Ensure you meet the Agent in an open location.The Agent does not represent PropertyPro and PropertyPro is not liable for any monetary transaction between you and the Agent.",6PGCP,10-Mar-26,24-Apr-26,https://www.propertypro.ng/property/5-bedroom-house-for-rent-military-pension-board-fo1-layout-kubwa-abuja-6PGCP
2 Bedroom Apartment,4500000,rent,Dawaki,Dawaki,Dawaki Abuja,2,2,3,Flat/Apartment,"Safety TipsDo not make any inspection fee without seeing the agent and property.Only pay Rental fee, Sales fee or any upfront payment after you verify the Landlord.Ensure you meet the Agent in an open location.The Agent does not represent PropertyPro and PropertyPro is not liable for any monetary transaction between you and the Agent.",3PGCG,10-Mar-26,24-Apr-26,https://www.propertypro.ng/property/2-bedroom-house-for-rent-dawaki-abuja-3PGCG
4 Bedroom Bungalow,6000000,rent,Dawaki,Dawaki,Dawaki Abuja,4,4,4,Bungalow,"Safety TipsDo not make any inspection fee without seeing the agent and property.Only pay Rental fee, Sales fee or any upfront payment after you verify the Landlord.Ensure you meet the Agent in an open location.The Agent does not represent PropertyPro and PropertyPro is not liable for any monetary transaction between you and the Agent.",1PGCF,10-Mar-26,24-Apr-26,https://www.propertypro.ng/property/4-bedroom-house-for-rent-dawaki-abuja-1PGCF
2 Bedroom Flat,3000000,rent,Dawaki,Dawaki,"Dawaki By News Engineering, Dawaki, Abuja Dawaki Abuja",2,2,2,Flat/Apartment,"Safety TipsDo not make any inspection fee without seeing the agent and property.Only pay Rental fee, Sales fee or any upfront payment after you verify the Landlord.Ensure you meet the Agent in an open location.The Agent does not represent PropertyPro and PropertyPro is not liable for any monetary transaction between you and the Agent.",7PHDF,18-Mar-26,24-Apr-26,https://www.propertypro.ng/property/2-bedroom-flat-apartment-for-rent-dawaki-by-news-engineering-dawaki-abuja-dawaki-abuja-7PHDF
Newly Built 3bedroom Flat,5500000,rent,Dawaki,Dawaki,"Dawaki News Engineering, Dawaki, Abuja Dawaki Abuja",3,3,4,Flat/Apartment,"Safety TipsDo not make any inspection fee without seeing the agent and property.Only pay Rental fee, Sales fee or any upfront payment after you verify the Landlord.Ensure you meet the Agent in an open location.The Agent does not represent PropertyPro and PropertyPro is not liable for any monetary transaction between you and the Agent.",3PLLS,18-Apr-26,24-Apr-26,https://www.propertypro.ng/property/3-bedroom-flat-apartment-for-rent-dawaki-news-engineering-dawaki-abuja-dawaki-abuja-3PLLS
Newly Built 2bedroom Flat (tarred Road),4000000,rent,Dawaki,Dawaki,"Dawaki By News Engineering, Dawaki, Abuja Dawaki Abuja",2,2,3,Flat/Apartment,"Safety TipsDo not make any inspection fee without seeing the agent and property.Only pay Rental fee, Sales fee or any upfront payment after you verify the Landlord.Ensure you meet the Agent in an open location.The Agent does not represent PropertyPro and PropertyPro is not liable for any monetary transaction between you and the Agent.",1PLVW,22-Apr-26,24-Apr-26,https://www.propertypro.ng/property/2-bedroom-flat-apartment-for-rent-dawaki-by-news-engineering-dawaki-abuja-dawaki-abuja-1PLVW
Self Contain,1100000,rent,Dawaki,Dawaki,"Dawaki Extension, Dawaki, Abuja Dawaki Abuja",1,1,1,Flat/Apartment,"Safety TipsDo not make any inspection fee without seeing the agent and property.Only pay Rental fee, Sales fee or any upfront payment after you verify the Landlord.Ensure you meet the Agent in an open location.The Agent does not represent PropertyPro and PropertyPro is not liable for any monetary transaction between you and the Agent.",2PKMJ,10-Apr-26,24-Apr-26,https://www.propertypro.ng/property/1-bedroom-flat-apartment-for-rent-dawaki-extension-dawaki-abuja-dawaki-abuja-2PKMJ
Newly Built 2 Bedroom Flat,4000000,rent,Dawaki,Dawaki,"By Modern Market, Dawaki Abuja",2,2,3,Flat/Apartment,"Safety TipsDo not make any inspection fee without seeing the agent and property.Only pay Rental fee, Sales fee or any upfront payment after you verify the Landlord.Ensure you meet the Agent in an open location.The Agent does not represent PropertyPro and PropertyPro is not liable for any monetary transaction between you and the Agent.",0PFAT,01-Mar-26,24-Apr-26,https://www.propertypro.ng/property/2-bedroom-flat-apartment-for-rent-by-modern-market-dawaki-abuja-0PFAT
2 Bedroom Flat,5000000,rent,Dawaki,Dawaki,"By News Engineering Dawaki, Abuja Dawaki Abuja",2,2,3,Flat/Apartment,"Safety TipsDo not make any inspection fee without seeing the agent and property.Only pay Rental fee, Sales fee or any upfront payment after you verify the Landlord.Ensure you meet the Agent in an open location.The Agent does not represent PropertyPro and PropertyPro is not liable for any monetary transaction between you and the Agent.",2PDZU,20-Feb-26,24-Apr-26,https://www.propertypro.ng/property/2-bedroom-flat-apartment-for-rent-by-news-engineering-dawaki-abuja-dawaki-abuja-2PDZU
2 Bedroom Flat,4000000,rent,Dawaki,Dawaki,"Dawaki By News Engineering, Dawaki, Abuja Dawaki Abuja",2,2,3,Flat/Apartment,"Safety TipsDo not make any inspection fee without seeing the agent and property.Only pay Rental fee, Sales fee or any upfront payment after you verify the Landlord.Ensure you meet the Agent in an open location.The Agent does not represent PropertyPro and PropertyPro is not liable for any monetary transaction between you and the Agent.",2PFCY,02-Mar-26,24-Apr-26,https://www.propertypro.ng/property/2-bedroom-flat-apartment-for-rent-dawaki-by-news-engineering-dawaki-abuja-dawaki-abuja-2PFCY
2 Bedroom Flat,4500000,rent,Dawaki,Dawaki,"By News Engineering, Dawaki Abuja",2,2,2,Flat/Apartment,"Safety TipsDo not make any inspection fee without seeing the agent and property.Only pay Rental fee, Sales fee or any upfront payment after you verify the Landlord.Ensure you meet the Agent in an open location.The Agent does not represent PropertyPro and PropertyPro is not liable for any monetary transaction between you and the Agent.",0PHEB,19-Mar-26,24-Apr-26,https://www.propertypro.ng/property/2-bedroom-flat-apartment-for-rent-by-news-engineering-dawaki-abuja-0PHEB
Decent 2 Bedroom Flat,4000000,rent,Dawaki,Dawaki,"News Engineering, Dawaki Abuja",2,2,3,Flat/Apartment,"Safety TipsDo not make any inspection fee without seeing the agent and property.Only pay Rental fee, Sales fee or any upfront payment after you verify the Landlord.Ensure you meet the Agent in an open location.The Agent does not represent PropertyPro and PropertyPro is not liable for any monetary transaction between you and the Agent.",2PEDH,22-Feb-26,24-Apr-26,https://www.propertypro.ng/property/2-bedroom-flat-apartment-for-rent-news-engineering-dawaki-abuja-2PEDH
3 Bedroom Flat,4500000,rent,Dawaki,Dawaki,Dawaki Abuja Dawaki Abuja,3,3,4,Flat/Apartment,"Safety TipsDo not make any inspection fee without seeing the agent and property.Only pay Rental fee, Sales fee or any upfront payment after you verify the Landlord.Ensure you meet the Agent in an open location.The Agent does not represent PropertyPro and PropertyPro is not liable for any monetary transaction between you and the Agent.",3PFTY,06-Mar-26,24-Apr-26,https://www.propertypro.ng/property/3-bedroom-flat-apartment-for-rent-dawaki-abuja-dawaki-abuja-3PFTY
2 Bedroom Flat,3000000,rent,Dawaki,Dawaki,"Dawaki News Engineering, Dawaki, Abuja Dawaki Abuja",2,2,2,Flat/Apartment,"Safety TipsDo not make any inspection fee without seeing the agent and property.Only pay Rental fee, Sales fee or any upfront payment after you verify the Landlord.Ensure you meet the Agent in an open location.The Agent does not represent PropertyPro and PropertyPro is not liable for any monetary transaction between you and the Agent.",4PDGN,15-Feb-26,24-Apr-26,https://www.propertypro.ng/property/2-bedroom-flat-apartment-for-rent-dawaki-news-engineering-dawaki-abuja-dawaki-abuja-4PDGN
Brand New 3 Bedroom Apartment,4500000,rent,Dawaki,Dawaki,Dawaki Abuja,3,4,4,Flat/Apartment,"Safety TipsDo not make any inspection fee without seeing the agent and property.Only pay Rental fee, Sales fee or any upfront payment after you verify the Landlord.Ensure you meet the Agent in an open location.The Agent does not represent PropertyPro and PropertyPro is not liable for any monetary transaction between you and the Agent.",5PKWP,13-Apr-26,23-Apr-26,https://www.propertypro.ng/property/3-bedroom-flat-apartment-for-rent-dawaki-abuja-5PKWP
Beautiful 2 Bedroom Flat,4000000,rent,Dawaki,Dawaki,News Engineering Dawaki Abuja,2,2,,Flat/Apartment,"Safety TipsDo not make any inspection fee without seeing the agent and property.Only pay Rental fee, Sales fee or any upfront payment after you verify the Landlord.Ensure you meet the Agent in an open location.The Agent does not represent PropertyPro and PropertyPro is not liable for any monetary transaction between you and the Agent.",3PJJT,31-Mar-26,24-Apr-26,https://www.propertypro.ng/property/2-bedroom-flat-apartment-for-rent-news-engineering-dawaki-abuja-3PJJT
2 Bedroom Flat Ensuite,4500000,rent,Dawaki,Dawaki,By News Engineering Dawaki Abuja,2,3,3,Flat/Apartment,"Safety TipsDo not make any inspection fee without seeing the agent and property.Only pay Rental fee, Sales fee or any upfront payment after you verify the Landlord.Ensure you meet the Agent in an open location.The Agent does not represent PropertyPro and PropertyPro is not liable for any monetary transaction between you and the Agent.",9PJQJ,01-Apr-26,24-Apr-26,https://www.propertypro.ng/property/2-bedroom-house-for-rent-by-news-engineering-dawaki-abuja-9PJQJ
2 Bedroom Apartment,3500000,rent,Dawaki,Dawaki,Dawaki Abuja,2,3,3,Flat/Apartment,"Safety TipsDo not make any inspection fee without seeing the agent and property.Only pay Rental fee, Sales fee or any upfront payment after you verify the Landlord.Ensure you meet the Agent in an open location.The Agent does not represent PropertyPro and PropertyPro is not liable for any monetary transaction between you and the Agent.",8PEXQ,27-Feb-26,24-Apr-26,https://www.propertypro.ng/property/2-bedroom-flat-apartment-for-rent-dawaki-abuja-8PEXQ
5 Bedroom Duplex,20000000,rent,Dawaki,Dawaki,Dawaki Abuja,5,6,6,Detached Duplex,"Safety TipsDo not make any inspection fee without seeing the agent and property.Only pay Rental fee, Sales fee or any upfront payment after you verify the Landlord.Ensure you meet the Agent in an open location.The Agent does not represent PropertyPro and PropertyPro is not liable for any monetary transaction between you and the Agent.",6PFQH,05-Mar-26,24-Apr-26,https://www.propertypro.ng/property/5-bedroom-house-for-rent-dawaki-abuja-6PFQH
Newly Built 5 Bedroom Terrace Duplex,20000000,rent,Dawaki,Dawaki,Dawaki Abuja,5,6,6,Terraced Duplex,"Safety TipsDo not make any inspection fee without seeing the agent and property.Only pay Rental fee, Sales fee or any upfront payment after you verify the Landlord.Ensure you meet the Agent in an open location.The Agent does not represent PropertyPro and PropertyPro is not liable for any monetary transaction between you and the Agent.",9PFRH,05-Mar-26,24-Apr-26,https://www.propertypro.ng/property/5-bedroom-house-for-rent-dawaki-abuja-9PFRH
4bedroom Duplex With Bq And 3 Sitting Rooms,20000000,rent,Guzape,Guzape,"Guzape, Abuja Guzape Abuja",4,4,5,Detached Duplex,"Safety TipsDo not make any inspection fee without seeing the agent and property.Only pay Rental fee, Sales fee or any upfront payment after you verify the Landlord.Ensure you meet the Agent in an open location.The Agent does not represent PropertyPro and PropertyPro is not liable for any monetary transaction between you and the Agent.",8PMGP,26-Apr-26,26-Apr-26,https://www.propertypro.ng/property/4-bedroom-house-for-rent-guzape-abuja-guzape-abuja-8PMGP
Fully Furnished 4 Bedroom Terrace Duplex With 1room Bq,25000000,rent,Guzape,Guzape,Guzape District Abuja Diplomatic Zone Guzape Abuja,4,5,5,Terraced Duplex,"Safety TipsDo not make any inspection fee without seeing the agent and property.Only pay Rental fee, Sales fee or any upfront payment after you verify the Landlord.Ensure you meet the Agent in an open location.The Agent does not represent PropertyPro and PropertyPro is not liable for any monetary transaction between you and the Agent.",0PLMJ,19-Apr-26,24-Apr-26,https://www.propertypro.ng/property/4-bedroom-house-for-rent-guzape-district-abuja-diplomatic-zone-guzape-abuja-0PLMJ
Brand New 4 Bedroom Terrace Duplex With 1room,30000000,rent,Guzape,Guzape,Guzape District Abuja Diplomatic Zone Guzape Abuja,4,5,5,Terraced Duplex,"Safety TipsDo not make any inspection fee without seeing the agent and property.Only pay Rental fee, Sales fee or any upfront payment after you verify the Landlord.Ensure you meet the Agent in an open location.The Agent does not represent PropertyPro and PropertyPro is not liable for any monetary transaction between you and the Agent.",3PLMJ,19-Apr-26,24-Apr-26,https://www.propertypro.ng/property/4-bedroom-house-for-rent-guzape-district-abuja-diplomatic-zone-guzape-abuja-3PLMJ
Fully Furnished 4 Bedroom Terrace Duplex With 1room Bq,25000000,rent,Guzape,Guzape,Guzape District Abuja Diplomatic Zone Guzape Abuja,4,5,5,Terraced Duplex,"Safety TipsDo not make any inspection fee without seeing the agent and property.Only pay Rental fee, Sales fee or any upfront payment after you verify the Landlord.Ensure you meet the Agent in an open location.The Agent does not represent PropertyPro and PropertyPro is not liable for any monetary transaction between you and the Agent.",7PLMH,19-Apr-26,24-Apr-26,https://www.propertypro.ng/property/4-bedroom-house-for-rent-guzape-district-abuja-diplomatic-zone-guzape-abuja-7PLMH
3 Bedroom Apartment,10000000,rent,Guzape,Guzape,After Coza Guzape Abuja,3,3,4,Flat/Apartment,"Safety TipsDo not make any inspection fee without seeing the agent and property.Only pay Rental fee, Sales fee or any upfront payment after you verify the Landlord.Ensure you meet the Agent in an open location.The Agent does not represent PropertyPro and PropertyPro is not liable for any monetary transaction between you and the Agent.",2PECG,21-Feb-26,24-Apr-26,https://www.propertypro.ng/property/3-bedroom-house-for-rent-after-coza-guzape-abuja-2PECG
2 Bedroom Flat,5000000,rent,Guzape,Guzape,Guzape Guzape Abuja,2,2,,Flat/Apartment,"Safety TipsDo not make any inspection fee without seeing the agent and property.Only pay Rental fee, Sales fee or any upfront payment after you verify the Landlord.Ensure you meet the Agent in an open location.The Agent does not represent PropertyPro and PropertyPro is not liable for any monetary transaction between you and the Agent.",3PMEV,25-Apr-26,,https://www.propertypro.ng/property/2-bedroom-flat-apartment-for-rent-guzape-guzape-abuja-3PMEV
4 Bedroom Terrace Duplex With Bq,17000000,rent,Guzape,Guzape,Guzape Abuja,4,4,5,Terraced Duplex,"Safety TipsDo not make any inspection fee without seeing the agent and property.Only pay Rental fee, Sales fee or any upfront payment after you verify the Landlord.Ensure you meet the Agent in an open location.The Agent does not represent PropertyPro and PropertyPro is not liable for any monetary transaction between you and the Agent.",8NVAZ,19-Nov-25,24-Apr-26,https://www.propertypro.ng/property/4-bedroom-house-for-rent-guzape-abuja-8NVAZ
Newly Built 4 Bedroom Duplex,12000000,rent,Guzape,Guzape,Guzape Abuja,4,4,5,Detached Duplex,"Safety TipsDo not make any inspection fee without seeing the agent and property.Only pay Rental fee, Sales fee or any upfront payment after you verify the Landlord.Ensure you meet the Agent in an open location.The Agent does not represent PropertyPro and PropertyPro is not liable for any monetary transaction between you and the Agent.",1NRLR,14-Oct-25,24-Apr-26,https://www.propertypro.ng/property/4-bedroom-house-for-rent-guzape-abuja-1NRLR
4 Bedroom Duplex,16000000,rent,Guzape,Guzape,Guzape Main Guzape Abuja,4,5,,Detached Duplex,"Safety TipsDo not make any inspection fee without seeing the agent and property.Only pay Rental fee, Sales fee or any upfront payment after you verify the Landlord.Ensure you meet the Agent in an open location.The Agent does not represent PropertyPro and PropertyPro is not liable for any monetary transaction between you and the Agent.",3PFUH,06-Mar-26,24-Apr-26,https://www.propertypro.ng/property/4-bedroom-house-for-rent-guzape-main-guzape-abuja-3PFUH
Newly Built 4 Bedroom Duplex,15000000,rent,Guzape,Guzape,Guzape Main Guzape Abuja,4,5,,Detached Duplex,"Safety TipsDo not make any inspection fee without seeing the agent and property.Only pay Rental fee, Sales fee or any upfront payment after you verify the Landlord.Ensure you meet the Agent in an open location.The Agent does not represent PropertyPro and PropertyPro is not liable for any monetary transaction between you and the Agent.",8PFUH,06-Mar-26,24-Apr-26,https://www.propertypro.ng/property/4-bedroom-house-for-rent-guzape-main-guzape-abuja-8PFUH
3 Bedroom Apartment,10000000,rent,Guzape,Guzape,Guzape Main Guzape Abuja,3,4,,Flat/Apartment,"Safety TipsDo not make any inspection fee without seeing the agent and property.Only pay Rental fee, Sales fee or any upfront payment after you verify the Landlord.Ensure you meet the Agent in an open location.The Agent does not represent PropertyPro and PropertyPro is not liable for any monetary transaction between you and the Agent.",5PFUG,06-Mar-26,24-Apr-26,https://www.propertypro.ng/property/3-bedroom-house-for-rent-guzape-main-guzape-abuja-5PFUG
4 Bedrom Duplex,40000000,rent,Guzape,Guzape,Guzape Main Guzape Abuja,4,5,,Detached Duplex,"Safety TipsDo not make any inspection fee without seeing the agent and property.Only pay Rental fee, Sales fee or any upfront payment after you verify the Landlord.Ensure you meet the Agent in an open location.The Agent does not represent PropertyPro and PropertyPro is not liable for any monetary transaction between you and the Agent.",0PFUH,06-Mar-26,24-Apr-26,https://www.propertypro.ng/property/4-bedroom-house-for-rent-guzape-main-guzape-abuja-0PFUH
4 Bedroom Terrace Duplex,15000000,rent,Guzape,Guzape,Guzape By Hmedix Guzape Abuja,4,5,,Terraced Duplex,"Safety TipsDo not make any inspection fee without seeing the agent and property.Only pay Rental fee, Sales fee or any upfront payment after you verify the Landlord.Ensure you meet the Agent in an open location.The Agent does not represent PropertyPro and PropertyPro is not liable for any monetary transaction between you and the Agent.",2PFUG,06-Mar-26,24-Apr-26,https://www.propertypro.ng/property/4-bedroom-house-for-rent-guzape-by-hmedix-guzape-abuja-2PFUG
Furnished 4 Bedroom Terraced Duplex,35000000,rent,Guzape,Guzape,Guzape Main Guzape Abuja,4,5,5,Terraced Duplex,"Safety TipsDo not make any inspection fee without seeing the agent and property.Only pay Rental fee, Sales fee or any upfront payment after you verify the Landlord.Ensure you meet the Agent in an open location.The Agent does not represent PropertyPro and PropertyPro is not liable for any monetary transaction between you and the Agent.",7PHNR,23-Mar-26,24-Apr-26,https://www.propertypro.ng/property/4-bedroom-house-for-rent-guzape-main-guzape-abuja-7PHNR
Newly Built 4 Bedroom Terrace Duplex+bq,15000000,rent,Guzape,Guzape,Guzape Guzape Abuja,4,4,,Terraced Duplex,"Safety TipsDo not make any inspection fee without seeing the agent and property.Only pay Rental fee, Sales fee or any upfront payment after you verify the Landlord.Ensure you meet the Agent in an open location.The Agent does not represent PropertyPro and PropertyPro is not liable for any monetary transaction between you and the Agent.",3PMBV,24-Apr-26,24-Apr-26,https://www.propertypro.ng/property/4-bedroom-house-for-rent-guzape-guzape-abuja-3PMBV
Newly Built 2 Bedroom Flat,7000000,rent,Guzape,Guzape,Fha/enl Estate Guzape Guzape Abuja,2,2,,Flat/Apartment,"Safety TipsDo not make any inspection fee without seeing the agent and property.Only pay Rental fee, Sales fee or any upfront payment after you verify the Landlord.Ensure you meet the Agent in an open location.The Agent does not represent PropertyPro and PropertyPro is not liable for any monetary transaction between you and the Agent.",6PJZY,06-Apr-26,24-Apr-26,https://www.propertypro.ng/property/2-bedroom-flat-apartment-for-rent-fha-enl-estate-guzape-guzape-abuja-6PJZY
Furnished 4 Bedroom Terrace Duplex+bq,20000000,rent,Guzape,Guzape,Guzape Guzape Abuja,4,4,,Terraced Duplex,"Safety TipsDo not make any inspection fee without seeing the agent and property.Only pay Rental fee, Sales fee or any upfront payment after you verify the Landlord.Ensure you meet the Agent in an open location.The Agent does not represent PropertyPro and PropertyPro is not liable for any monetary transaction between you and the Agent.",3PLUP,22-Apr-26,24-Apr-26,https://www.propertypro.ng/property/4-bedroom-house-for-rent-guzape-guzape-abuja-3PLUP
Perfectly Finished 4 Bedroom Terrace Duplex,19000000,rent,Guzape,Guzape,Guzape Guzape Abuja,4,4,,Terraced Duplex,"Safety TipsDo not make any inspection fee without seeing the agent and property.Only pay Rental fee, Sales fee or any upfront payment after you verify the Landlord.Ensure you meet the Agent in an open location.The Agent does not represent PropertyPro and PropertyPro is not liable for any monetary transaction between you and the Agent.",9PLAK,15-Apr-26,24-Apr-26,https://www.propertypro.ng/property/4-bedroom-house-for-rent-guzape-guzape-abuja-9PLAK
Magnificent 4 Bedroom Terrace Duplex+bq,15000000,rent,Guzape,Guzape,Guzape Guzape Abuja,4,4,,Terraced Duplex,"Safety TipsDo not make any inspection fee without seeing the agent and property.Only pay Rental fee, Sales fee or any upfront payment after you verify the Landlord.Ensure you meet the Agent in an open location.The Agent does not represent PropertyPro and PropertyPro is not liable for any monetary transaction between you and the Agent.",3PKLR,10-Apr-26,24-Apr-26,https://www.propertypro.ng/property/4-bedroom-house-for-rent-guzape-guzape-abuja-3PKLR
Magnificent 4 Bedroom Semi Detached Duplex+ Bq,30000000,rent,Guzape,Guzape,Guzape Guzape Abuja,4,4,,Semi-Detached Duplex,"Safety TipsDo not make any inspection fee without seeing the agent and property.Only pay Rental fee, Sales fee or any upfront payment after you verify the Landlord.Ensure you meet the Agent in an open location.The Agent does not represent PropertyPro and PropertyPro is not liable for any monetary transaction between you and the Agent.",0PKAF,06-Apr-26,24-Apr-26,https://www.propertypro.ng/property/4-bedroom-house-for-rent-guzape-guzape-abuja-0PKAF
Luxury Built 3 Bedroom Flat,10000000,rent,Guzape,Guzape,Guzape Guzape Abuja,3,3,,Flat/Apartment,"Safety TipsDo not make any inspection fee without seeing the agent and property.Only pay Rental fee, Sales fee or any upfront payment after you verify the Landlord.Ensure you meet the Agent in an open location.The Agent does not represent PropertyPro and PropertyPro is not liable for any monetary transaction between you and the Agent.",2PLQP,20-Apr-26,24-Apr-26,https://www.propertypro.ng/property/3-bedroom-flat-apartment-for-rent-guzape-guzape-abuja-2PLQP
A Newly Furnished & Serviced 2 Bedroom Flat,15000000,rent,Utako,Utako,Utako District Utako Abuja,2,2,3,Flat/Apartment,"Safety TipsDo not make any inspection fee without seeing the agent and property.Only pay Rental fee, Sales fee or any upfront payment after you verify the Landlord.Ensure you meet the Agent in an open location.The Agent does not represent PropertyPro and PropertyPro is not liable for any monetary transaction between you and the Agent.",1PMJU,27-Apr-26,27-Apr-26,https://www.propertypro.ng/property/2-bedroom-flat-apartment-for-rent-utako-district-utako-abuja-1PMJU
A Very Good Spacious 2 Bedroom Flat,10000000,rent,Utako,Utako,Utako District Abuja. Utako Abuja,2,2,3,Flat/Apartment,"Safety TipsDo not make any inspection fee without seeing the agent and property.Only pay Rental fee, Sales fee or any upfront payment after you verify the Landlord.Ensure you meet the Agent in an open location.The Agent does not represent PropertyPro and PropertyPro is not liable for any monetary transaction between you and the Agent.",2PJRC,02-Apr-26,24-Apr-26,https://www.propertypro.ng/property/2-bedroom-flat-apartment-for-rent-utako-district-abuja-utako-abuja-2PJRC
A Well Built 4 Bedroom Semi Detached Duplex + 1bq,13000000,rent,Utako,Utako,Utako District Abuja. Utako Abuja,4,4,5,Semi-Detached Duplex,"Safety TipsDo not make any inspection fee without seeing the agent and property.Only pay Rental fee, Sales fee or any upfront payment after you verify the Landlord.Ensure you meet the Agent in an open location.The Agent does not represent PropertyPro and PropertyPro is not liable for any monetary transaction between you and the Agent.",1PLXW,23-Apr-26,24-Apr-26,https://www.propertypro.ng/property/4-bedroom-house-for-rent-utako-district-abuja-utako-abuja-1PLXW
Service 2 Bedroom Apartment,8000000,rent,Utako,Utako,Utako Abuja,2,3,3,Flat/Apartment,"Safety TipsDo not make any inspection fee without seeing the agent and property.Only pay Rental fee, Sales fee or any upfront payment after you verify the Landlord.Ensure you meet the Agent in an open location.The Agent does not represent PropertyPro and PropertyPro is not liable for any monetary transaction between you and the Agent.",4PGWE,16-Mar-26,24-Apr-26,https://www.propertypro.ng/property/2-bedroom-flat-apartment-for-rent-utako-abuja-4PGWE
Service 2 Bedroom Apartment,8000000,rent,Utako,Utako,Utako Abuja,2,3,3,Flat/Apartment,"Safety TipsDo not make any inspection fee without seeing the agent and property.Only pay Rental fee, Sales fee or any upfront payment after you verify the Landlord.Ensure you meet the Agent in an open location.The Agent does not represent PropertyPro and PropertyPro is not liable for any monetary transaction between you and the Agent.",5PGWE,16-Mar-26,24-Apr-26,https://www.propertypro.ng/property/2-bedroom-flat-apartment-for-rent-utako-abuja-5PGWE
Self Contain,2300000,rent,Utako,Utako,"Utako, Abuja Utako Abuja",1,1,1,Flat/Apartment,"Safety TipsDo not make any inspection fee without seeing the agent and property.Only pay Rental fee, Sales fee or any upfront payment after you verify the Landlord.Ensure you meet the Agent in an open location.The Agent does not represent PropertyPro and PropertyPro is not liable for any monetary transaction between you and the Agent.",0PGYS,17-Mar-26,24-Apr-26,https://www.propertypro.ng/property/1-bedroom-flat-apartment-for-rent-utako-abuja-utako-abuja-0PGYS
Massive 4bedroom Duplex With Room Bq,12000000,rent,Utako,Utako,"Utako By Wuye, Utako, Abuja Utako Abuja",4,4,5,Detached Duplex,"Safety TipsDo not make any inspection fee without seeing the agent and property.Only pay Rental fee, Sales fee or any upfront payment after you verify the Landlord.Ensure you meet the Agent in an open location.The Agent does not represent PropertyPro and PropertyPro is not liable for any monetary transaction between you and the Agent.",6PLFT,17-Apr-26,24-Apr-26,https://www.propertypro.ng/property/4-bedroom-house-for-rent-utako-by-wuye-utako-abuja-utako-abuja-6PLFT
3 Bedroom Terrace Duplex With Bq,12000000,rent,Utako,Utako,Utako Abuja,3,3,4,Terraced Duplex,"Safety TipsDo not make any inspection fee without seeing the agent and property.Only pay Rental fee, Sales fee or any upfront payment after you verify the Landlord.Ensure you meet the Agent in an open location.The Agent does not represent PropertyPro and PropertyPro is not liable for any monetary transaction between you and the Agent.",1PJNS,01-Apr-26,24-Apr-26,https://www.propertypro.ng/property/3-bedroom-house-for-rent-utako-abuja-1PJNS
3 Bedroom Flat,6000000,rent,Utako,Utako,Utako Abuja,3,4,4,Flat/Apartment,"Safety TipsDo not make any inspection fee without seeing the agent and property.Only pay Rental fee, Sales fee or any upfront payment after you verify the Landlord.Ensure you meet the Agent in an open location.The Agent does not represent PropertyPro and PropertyPro is not liable for any monetary transaction between you and the Agent.",7PHSH,24-Mar-26,23-Apr-26,https://www.propertypro.ng/property/3-bedroom-flat-apartment-for-rent-utako-abuja-7PHSH
3 Bedroom Terrace Duplex With Bq,12000000,rent,Utako,Utako,Utako Abuja,3,3,,Terraced Duplex,"Safety TipsDo not make any inspection fee without seeing the agent and property.Only pay Rental fee, Sales fee or any upfront payment after you verify the Landlord.Ensure you meet the Agent in an open location.The Agent does not represent PropertyPro and PropertyPro is not liable for any monetary transaction between you and the Agent.",0PJMV,01-Apr-26,24-Apr-26,https://www.propertypro.ng/property/3-bedroom-house-for-rent-utako-abuja-0PJMV
4bedroom Duplex With Bq,12000000,rent,Utako,Utako,"Utako Close To Wuye, Utako, Abuja Utako Abuja",4,4,5,Detached Duplex,"Safety TipsDo not make any inspection fee without seeing the agent and property.Only pay Rental fee, Sales fee or any upfront payment after you verify the Landlord.Ensure you meet the Agent in an open location.The Agent does not represent PropertyPro and PropertyPro is not liable for any monetary transaction between you and the Agent.",0PLKF,18-Apr-26,24-Apr-26,https://www.propertypro.ng/property/4-bedroom-house-for-rent-utako-close-to-wuye-utako-abuja-utako-abuja-0PLKF
3 Bedroom Flat,6000000,rent,Utako,Utako,Utako Abuja,3,3,3,Flat/Apartment,"Safety TipsDo not make any inspection fee without seeing the agent and property.Only pay Rental fee, Sales fee or any upfront payment after you verify the Landlord.Ensure you meet the Agent in an open location.The Agent does not represent PropertyPro and PropertyPro is not liable for any monetary transaction between you and the Agent.",6PJBY,27-Mar-26,24-Apr-26,https://www.propertypro.ng/property/3-bedroom-flat-apartment-for-rent-utako-abuja-6PJBY
4bedroom Duplex With Bq ( Self Compound ),12000000,rent,Utako,Utako,"Utako By Wuye, Utako, Abuja Utako Abuja",4,4,5,Detached Duplex,"Safety TipsDo not make any inspection fee without seeing the agent and property.Only pay Rental fee, Sales fee or any upfront payment after you verify the Landlord.Ensure you meet the Agent in an open location.The Agent does not represent PropertyPro and PropertyPro is not liable for any monetary transaction between you and the Agent.",1PLFC,16-Apr-26,24-Apr-26,https://www.propertypro.ng/property/4-bedroom-house-for-rent-utako-by-wuye-utako-abuja-utako-abuja-1PLFC
Big Room Self Contained,2000000,rent,Utako,Utako,Utako Abuja,1,1,1,Flat/Apartment,"Safety TipsDo not make any inspection fee without seeing the agent and property.Only pay Rental fee, Sales fee or any upfront payment after you verify the Landlord.Ensure you meet the Agent in an open location.The Agent does not represent PropertyPro and PropertyPro is not liable for any monetary transaction between you and the Agent.",4PHXT,26-Mar-26,24-Apr-26,https://www.propertypro.ng/property/1-bedroom-flat-apartment-for-rent-utako-abuja-4PHXT
4 Bedroom Terrace Duplex + 1bq,18000000,rent,Utako,Utako,Utako Abuja. (video Of House Is Attached) Utako Abuja,4,4,5,Terraced Duplex,"Safety TipsDo not make any inspection fee without seeing the agent and property.Only pay Rental fee, Sales fee or any upfront payment after you verify the Landlord.Ensure you meet the Agent in an open location.The Agent does not represent PropertyPro and PropertyPro is not liable for any monetary transaction between you and the Agent.",6NRJA,13-Oct-25,23-Apr-26,https://www.propertypro.ng/property/4-bedroom-house-for-rent-utako-abuja-video-of-house-is-attached-utako-abuja-6NRJA
3bedroom Semi Detached Duplex For Rent In Utako,10000000,rent,Utako,Utako,Utako District Utako Abuja,3,4,4,Semi-Detached Duplex,"Safety TipsDo not make any inspection fee without seeing the agent and property.Only pay Rental fee, Sales fee or any upfront payment after you verify the Landlord.Ensure you meet the Agent in an open location.The Agent does not represent PropertyPro and PropertyPro is not liable for any monetary transaction between you and the Agent.",9PLEH,16-Apr-26,23-Apr-26,https://www.propertypro.ng/property/3-bedroom-house-for-rent-utako-district-utako-abuja-9PLEH
